Workbook

Sheet clean_historis
A1: no | B1: nomor_ruas | C1: nama_ruas | D1: nama_ruas_norm | E1: desa_yang_dilalui | F1: kecamatan_yang_dilalui | G1: jumlah_desa_yang_dilalui | H1: jumlah_kecamatan_yang_dilalui | I1: jumlah_penduduk_dilayani | J1: terhubung_ruas_provinsi | K1: terhubung_ruas_nasional | L1: jarak_pasar_m | M1: jarak_puskesmas_m | N1: jarak_rsud_m | O1: jarak_sd_smp_m | P1: jarak_ibukota_m | Q1: akses_terputus_ibukota | R1: akses_terputus_pasar | S1: akses_terputus_puskesmas | T1: akses_terputus_rsud | U1: akses_terputus_sd_smp | V1: panjang_km_2023 | W1: lebar_m_2023 | X1: hotmix_km_2023 | Y1: lapen_km_2023 | Z1: beton_km_2023 | AA1: telford_kerikil_km_2023 | AB1: tanah_belum_tembus_km_2023 | AC1: baik_km_2023 | AD1: sedang_km_2023 | AE1: rusak_ringan_km_2023 | AF1: rusak_berat_km_2023 | AG1: jalan_mantap_pct_2023 | AH1: panjang_km_2024 | AI1: lebar_m_2024 | AJ1: hotmix_km_2024 | AK1: lapen_km_2024 | AL1: beton_km_2024 | AM1: telford_kerikil_km_2024 | AN1: tanah_belum_tembus_km_2024 | AO1: baik_km_2024 | AP1: sedang_km_2024 | AQ1: rusak_ringan_km_2024 | AR1: rusak_berat_km_2024 | AS1: jalan_mantap_pct_2024 | AT1: panjang_survei_km_2025 | AU1: beton_km_2025 | AV1: blok_beton_km_2025 | AW1: aspal_km_2025 | AX1: lapen_km_2025 | AY1: baik_km_2025 | AZ1: sedang_km_2025 | BA1: rusak_ringan_km_2025 | BB1: rusak_berat_km_2025 | BC1: jalan_mantap_km_2025 | BD1: jalan_tidak_mantap_km_2025 | BE1: jalan_mantap_pct_2025 | BF1: jalan_tidak_mantap_pct_2025 | BG1: aadt_mc_2025 | BH1: sdi_baik_km_2025 | BI1: sdi_sedang_km_2025 | BJ1: sdi_rusak_ringan_km_2025 | BK1: sdi_rusak_berat_km_2025 | BL1: prior_handled_any_pre2024 | BM1: prior_handled_count_pre2024 | BN1: prior_handled_last_year_pre2024 | BO1: years_since_last_handled_pre2024 | BP1: prior_handled_any_pre2025 | BQ1: prior_handled_count_pre2025 | BR1: prior_handled_last_year_pre2025 | BS1: years_since_last_handled_pre2025 | BT1: prior_handled_any_pre2026 | BU1: prior_handled_count_pre2026 | BV1: prior_handled_last_year_pre2026 | BW1: years_since_last_handled_pre2026 | BX1: handled_any_2021 | BY1: handled_any_2022 | BZ1: handled_any_2023 | CA1: handled_any_2024 | CB1: handled_any_2025 | CC1: handled_pl_2021 | CD1: handled_pl_2022 | CE1: handled_pl_2023 | CF1: handled_pl_2024 | CG1: handled_pl_2025 | CH1: handled_tender_2021 | CI1: handled_tender_2022 | CJ1: handled_tender_2023 | CK1: handled_tender_2024 | CL1: handled_tender_2025 | CM1: planned_any_2026 | CN1: planned_any_2027 | CO1: planned_pl_2026 | CP1: planned_pl_2027 | CQ1: planned_tender_2026 | CR1: planned_tender_2027
A2: 1 | B2: 035 | C2: AES Nasution | D2: aes nasution | E2: Baluti | F2: Kandangan | G2: 1 | H2: 1 | I2: 1377 | J2: 0 | K2: 0 | L2: 714.1 | M2: 954.7 | N2: 1467.1 | O2: 166.2 | P2: 395.8 | Q2: 0 | R2: 0 | S2: 0 | T2: 0 | U2: 0 | V2: 0.24 | W2: 3.5 | X2: 0.24 | Y2: 0 | Z2: 0 | AA2: 0 | AB2: 0 | AC2: 0.24 | AD2: 0 | AE2: 0 | AF2: 0 | AG2: 1 | AH2: 0.24 | AI2: 3.5 | AJ2: 0.24 | AK2: 0 | AL2: 0 | AM2: 0 | AN2: 0 | AO2: 0.24 | AP2: 0 | AQ2: 0 | AR2: 0 | AS2: 1 | AT2: 0.24 | AU2: 0 | AV2: 0 | AW2: 0.23999999 | AX2: 0 | AY2: 0.23999999 | AZ2: 0 | BA2: 0 | BB2: 0 | BC2: 0.23999999 | BD2: 0 | BE2: 1 | BF2: 0 | BG2: 150 | BH2: 0.23999999 | BI2: 0 | BJ2: 0 | BK2: 0 | BL2: 0 | BM2: 0 | BP2: 1 | BQ2: 1 | BR2: 2024 | BS2: 1 | BT2: 1 | BU2: 1 | BV2: 2024 | BW2: 2 | BX2: 0 | BY2: 0 | BZ2: 0 | CA2: 1 | CB2: 0 | CC2: 0 | CD2: 0 | CE2: 0 | CF2: 0 | CG2: 0 | CH2: 0 | CI2: 0 | CJ2: 0 | CK2: 1 | CL2: 0 | CM2: 0 | CN2: 0 | CO2: 0 | CP2: 0 | CQ2: 0 | CR2: 0
A3: 2 | B3: 234 | C3: Air Miris - Ds. Wasah Hilir | D3: air miris – desa wasah hilir | E3: Wasah Hilir, Wasah Tengah | F3: Simpur | G3: 2 | H3: 1 | I3: 1294 | J3: 0 | K3: 1 | L3: 961.1 | M3: 2012.5 | N3: 5681 | O3: 667.2 | P3: 6453.8 | Q3: 0 | R3: 0 | S3: 0 | T3: 0 | U3: 0 | V3: 1.06 | W3: 3 | X3: 1.06 | Y3: 0 | Z3: 0 | AA3: 0 | AB3: 0 | AC3: 1.06 | AD3: 0 | AE3: 0 | AF3: 0 | AG3: 1 | AH3: 1.06 | AI3: 3 | AJ3: 1.06 | AK3: 0 | AL3: 0 | AM3: 0 | AN3: 0 | AO3: 1.06 | AP3: 0 | AQ3: 0 | AR3: 0 | AS3: 1 | AT3: 1.06 | AU3: 0 | AV3: 0 | AW3: 1.0599999 | AX3: 0 | AY3: 0.25999999 | AZ3: 0.80000001 | BA3: 0 | BB3: 0 | BC3: 1.06 | BD3: 0 | BE3: 1 | BF3: 0 | BG3: 150 | BH3: 0.25999999 | BI3: 0.80000001 | BJ3: 0 | BK3: 0 | BL3: 0 | BM3: 0 | BP3: 0 | BQ3: 0 | BT3: 0 | BU3: 0 | BX3: 0 | BY3: 0 | BZ3: 0 | CA3: 0 | CB3: 0 | CC3: 0 | CD3: 0 | CE3: 0 | CF3: 0 | CG3: 0 | CH3: 0 | CI3: 0 | CJ3: 0 | CK3: 0 | CL3: 0 | CM3: 0 | CN3: 0 | CO3: 0 | CP3: 0 | CQ3: 0 | CR3: 0
A4: 3 | B4: 345 | C4: Al - Ikhlas - Ds. Baluti | D4: al – ikhlas – desa baluti | E4: Baluti, Tibung Raya | F4: Kandangan | G4: 2 | H4: 1 | I4: 2315 | J4: 0 | K4: 0 | L4: 1257.5 | M4: 1407.6 | N4: 1286.8 | O4: 425.9 | P4: 1575.8 | Q4: 0 | R4: 0 | S4: 0 | T4: 0 | U4: 0 | V4: 0.38 | W4: 3.5 | X4: 0 | Y4: 0 | Z4: 0 | AA4: 0.38 | AB4: 0 | AC4: 0 | AD4: 0 | AE4: 0 | AF4: 0.38 | AG4: 0 | AH4: 0.38 | AI4: 3.5 | AJ4: 0.38 | AK4: 0 | AL4: 0 | AM4: 0 | AN4: 0 | AO4: 0.38 | AP4: 0 | AQ4: 0 | AR4: 0 | AS4: 1 | AT4: 0.38 | AU4: 0 | AV4: 0 | AW4: 0.38 | AX4: 0 | AY4: 0.38 | AZ4: 0 | BA4: 0 | BB4: 0 | BC4: 0.38 | BD4: 0 | BE4: 1 | BF4: 0 | BG4: 150 | BH4: 0.38 | BI4: 0 | BJ4: 0 | BK4: 0 | BL4: 0 | BM4: 0 | BP4: 1 | BQ4: 1 | BR4: 2024 | BS4: 1 | BT4: 1 | BU4: 1 | BV4: 2024 | BW4: 2 | BX4: 0 | BY4: 0 | BZ4: 0 | CA4: 1 | CB4: 0 | CC4: 0 | CD4: 0 | CE4: 0 | CF4: 0 | CG4: 0 | CH4: 0 | CI4: 0 | CJ4: 0 | CK4: 1 | CL4: 0 | CM4: 0 | CN4: 0 | CO4: 0 | CP4: 0 | CQ4: 0 | CR4: 0
A5: 4 | B5: 008 | C5: Aluh Idut | D5: aluh idut | E5: Kandangan Barat, Kandangan Kota, Kandangan Utara | F5: Kandangan | G5: 3 | H5: 1 | I5: 6205 | J5: 0 | K5: 1 | L5: 1109.5 | M5: 461.8 | N5: 2807.8 | O5: 138.8 | P5: 944.9 | Q5: 0 | R5: 0 | S5: 0 | T5: 0 | U5: 0 | V5: 1.34 | W5: 5 | X5: 1.34 | Y5: 0 | Z5: 0 | AA5: 0 | AB5: 0 | AC5: 1.34 | AD5: 0 | AE5: 0 | AF5: 0 | AG5: 1 | AH5: 1.34 | AI5: 5 | AJ5: 1.34 | AK5: 0 | AL5: 0 | AM5: 0 | AN5: 0 | AO5: 1.34 | AP5: 0 | AQ5: 0 | AR5: 0 | AS5: 1 | AT5: 1.34 | AU5: 0 | AV5: 0 | AW5: 1.34 | AX5: 0 | AY5: 0.5 | AZ5: 0.83999997 | BA5: 0 | BB5: 0 | BC5: 1.34 | BD5: 0 | BE5: 1 | BF5: 0 | BG5: 100 | BH5: 0.5 | BI5: 0.83999997 | BJ5: 0 | BK5: 0 | BL5: 0 | BM5: 0 | BP5: 0 | BQ5: 0 | BT5: 0 | BU5: 0 | BX5: 0 | BY5: 0 | BZ5: 0 | CA5: 0 | CB5: 0 | CC5: 0 | CD5: 0 | CE5: 0 | CF5: 0 | CG5: 0 | CH5: 0 | CI5: 0 | CJ5: 0 | CK5: 0 | CL5: 0 | CM5: 0 | CN5: 1 | CO5: 0 | CP5: 0 | CQ5: 0 | CR5: 1
A6: 5 | B6: 032 | C6: Amawang Kanan - Wasah Hulu | D6: amawang kanan – wasah hulu | E6: Amawang Kanan, Wasah Hulu | F6: Kandangan, Simpur | G6: 2 | H6: 2 | I6: 1122 | J6: 0 | K6: 1 | L6: 3281 | M6: 1687.3 | N6: 2540.2 | O6: 459.8 | P6: 3136 | Q6: 0 | R6: 0 | S6: 0 | T6: 0 | U6: 0 | V6: 3.17 | W6: 3.5 | X6: 3.17 | Y6: 0 | Z6: 0 | AA6: 0 | AB6: 0 | AC6: 3.17 | AD6: 0 | AE6: 0 | AF6: 0 | AG6: 1 | AH6: 3.17 | AI6: 3.5 | AJ6: 3.17 | AK6: 0 | AL6: 0 | AM6: 0 | AN6: 0 | AO6: 0 | AP6: 2.97 | AQ6: 0.2 | AR6: 0 | AS6: 0.93690852 | AT6: 3.17 | AU6: 0 | AV6: 0 | AW6: 3.1700001 | AX6: 0 | AY6: 0 | AZ6: 2.47 | BA6: 0.69999999 | BB6: 0 | BC6: 2.47 | BD6: 0.69999999 | BE6: 0.77917982 | BF6: 0.22082018 | BG6: 150 | BH6: 0 | BI6: 2.47 | BJ6: 0.69999999 | BK6: 0 | BL6: 1 | BM6: 1 | BN6: 2023 | BO6: 1 | BP6: 1 | BQ6: 1 | BR6: 2023 | BS6: 2 | BT6: 1 | BU6: 1 | BV6: 2023 | BW6: 3 | BX6: 0 | BY6: 0 | BZ6: 1 | CA6: 0 | CB6: 0 | CC6: 0 | CD6: 0 | CE6: 1 | CF6: 0 | CG6: 0 | CH6: 0 | CI6: 0 | CJ6: 0 | CK6: 0 | CL6: 0 | CM6: 0 | CN6: 0 | CO6: 0 | CP6: 0 | CQ6: 0 | CR6: 0
A7: 6 | B7: 031 | C7: Amawang Muka - Getek | D7: amawang muka – getek | E7: Amawang Kiri, Amawang Kiri Muka, Bariang, Sungai Paring | F7: Kandangan | G7: 4 | H7: 1 | I7: 2479 | J7: 0 | K7: 0 | L7: 4114.1 | M7: 3726.6 | N7: 5380 | O7: 191.1 | P7: 3795.8 | Q7: 0 | R7: 0 | S7: 0 | T7: 0 | U7: 0 | V7: 5.41 | W7: 3.5 | X7: 5.41 | Y7: 0 | Z7: 0 | AA7: 0 | AB7: 0 | AC7: 5.41 | AD7: 0 | AE7: 0 | AF7: 0 | AG7: 1 | AH7: 5.41 | AI7: 3.5 | AJ7: 5.41 | AK7: 0 | AL7: 0 | AM7: 0 | AN7: 0 | AO7: 4.6 | AP7: 0.41 | AQ7: 0.4 | AR7: 0 | AS7: 0.92606285 | AT7: 5.41 | AU7: 0 | AV7: 0 | AW7: 5.4099998 | AX7: 0 | AY7: 4.5 | AZ7: 0.41 | BA7: 0.5 | BB7: 0 | BC7: 4.91 | BD7: 0.5 | BE7: 0.90757856 | BF7: 0.092421442 | BG7: 150 | BH7: 4.5 | BI7: 0.41 | BJ7: 0.5 | BK7: 0 | BL7: 1 | BM7: 2 | BN7: 2023 | BO7: 1 | BP7: 1 | BQ7: 2 | BR7: 2023 | BS7: 2 | BT7: 1 | BU7: 3 | BV7: 2025 | BW7: 1 | BX7: 1 | BY7: 0 | BZ7: 1 | CA7: 0 | CB7: 1 | CC7: 1 | CD7: 0 | CE7: 1 | CF7: 0 | CG7: 1 | CH7: 0 | CI7: 0 | CJ7: 0 | CK7: 0 | CL7: 0 | CM7: 0 | CN7: 1 | CO7: 0 | CP7: 1 | CQ7: 0 | CR7: 0
A8: 7 | B8: 149 | C8: Ambarai - Madang | D8: ambarai – madang | E8: Karang Jawa, Madang | F8: Padang Batung | G8: 2 | H8: 1 | I8: 1088 | J8: 0 | K8: 0 | L8: 2381.2 | M8: 3220.9 | N8: 7125.8 | O8: 1028.5 | P8: 5524.6 | Q8: 0 | R8: 0 | S8: 0 | T8: 0 | U8: 0 | V8: 1.74 | W8: 3.5 | X8: 1.74 | Y8: 0 | Z8: 0 | AA8: 0 | AB8: 0 | AC8: 1.74 | AD8: 0 | AE8: 0 | AF8: 0 | AG8: 1 | AH8: 1.74 | AI8: 3.5 | AJ8: 1.74 | AK8: 0 | AL8: 0 | AM8: 0 | AN8: 0 | AO8: 1.74 | AP8: 0 | AQ8: 0 | AR8: 0 | AS8: 1 | AT8: 1.74 | AU8: 0 | AV8: 0 | AW8: 1.74 | AX8: 0 | AY8: 1.34 | AZ8: 0.40000001 | BA8: 0 | BB8: 0 | BC8: 1.74 | BD8: 0 | BE8: 1 | BF8: 0 | BG8: 150 | BH8: 1.34 | BI8: 0.40000001 | BJ8: 0 | BK8: 0 | BL8: 0 | BM8: 0 | BP8: 1 | BQ8: 1 | BR8: 2024 | BS8: 1 | BT8: 1 | BU8: 1 | BV8: 2024 | BW8: 2 | BX8: 0 | BY8: 0 | BZ8: 0 | CA8: 1 | CB8: 0 | CC8: 0 | CD8: 0 | CE8: 0 | CF8: 1 | CG8: 0 | CH8: 0 | CI8: 0 | CJ8: 0 | CK8: 0 | CL8: 0 | CM8: 1 | CN8: 0 | CO8: 1 | CP8: 0 | CQ8: 0 | CR8: 0
A9: 8 | B9: 187 | C9: AMD - Ds. Lok Binuang | D9: amd – desa lok binuang | E9: Lok Binuang, Telaga Langsat | F9: Telaga Langsat | G9: 2 | H9: 1 | I9: 763 | J9: 0 | K9: 0 | L9: 4179.5 | M9: 2818.2 | N9: 13938.7 | O9: 1329.4 | P9: 12075.8 | Q9: 0 | R9: 0 | S9: 0 | T9: 0 | U9: 0 | V9: 1.57 | W9: 3 | X9: 0.1 | Y9: 0 | Z9: 0 | AA9: 1.47 | AB9: 0 | AC9: 0 | AD9: 0 | AE9: 0 | AF9: 1.57 | AG9: 0 | AH9: 1.57 | AI9: 3.5 | AJ9: 0.2 | AK9: 0 | AL9: 0 | AM9: 1.37 | AN9: 0 | AO9: 0 | AP9: 0 | AQ9: 0 | AR9: 1.57 | AS9: 0 | AT9: 1.57 | AU9: 0 | AV9: 0 | AW9: 0.2 | AX9: 0 | AY9: 0 | AZ9: 0 | BA9: 0 | BB9: 0.2 | BC9: 0 | BD9: 0.2 | BE9: 0 | BF9: 1 | BG9: 150 | BH9: 0 | BI9: 0 | BJ9: 0 | BK9: 0.2 | BL9: 0 | BM9: 0 | BP9: 0 | BQ9: 0 | BT9: 0 | BU9: 0 | BX9: 0 | BY9: 0 | BZ9: 0 | CA9: 0 | CB9: 0 | CC9: 0 | CD9: 0 | CE9: 0 | CF9: 0 | CG9: 0 | CH9: 0 | CI9: 0 | CJ9: 0 | CK9: 0 | CL9: 0 | CM9: 0 | CN9: 1 | CO9: 0 | CP9: 0 | CQ9: 0 | CR9: 1
A10: 9 | B10: 214 | C10: Amparaya - Karangan - Hanau | D10: amparaya – karangan – hanau | E10: Amparaya, Panjampang Bahagia | F10: Simpur | G10: 2 | H10: 1 | I10: 1032 | J10: 0 | K10: 0 | L10: 4608.7 | M10: 5179.2 | N10: 10259.5 | O10: 1207.7 | P10: 10424.2 | Q10: 0 | R10: 0 | S10: 0 | T10: 0 | U10: 0 | V10: 4.36 | W10: 3.5 | X10: 4.36 | Y10: 0 | Z10: 0 | AA10: 0 | AB10: 0 | AC10: 0 | AD10: 4.16 | AE10: 0.2 | AF10: 0 | AG10: 0.95412844 | AH10: 4.36 | AI10: 3.5 | AJ10: 4.36 | AK10: 0 | AL10: 0 | AM10: 0 | AN10: 0 | AO10: 2.4 | AP10: 1.96 | AQ10: 0 | AR10: 0 | AS10: 1 | AT10: 4.36 | AU10: 0 | AV10: 0 | AW10: 4.3600001 | AX10: 0 | AY10: 2 | AZ10: 2.1600001 | BA10: 0.2 | BB10: 0 | BC10: 4.1600001 | BD10: 0.2 | BE10: 0.95412844 | BF10: 0.045871559 | BG10: 150 | BH10: 2 | BI10: 2.1600001 | BJ10: 0.2 | BK10: 0 | BL10: 1 | BM10: 3 | BN10: 2023 | BO10: 1 | BP10: 1 | BQ10: 3 | BR10: 2023 | BS10: 2 | BT10: 1 | BU10: 3 | BV10: 2023 | BW10: 3 | BX10: 1 | BY10: 1 | BZ10: 1 | CA10: 0 | CB10: 0 | CC10: 1 | CD10: 1 | CE10: 1 | CF10: 0 | CG10: 0 | CH10: 0 | CI10: 0 | CJ10: 0 | CK10: 0 | CL10: 0 | CM10: 0 | CN10: 0 | CO10: 0 | CP10: 0 | CQ10: 0 | CR10: 0
A11: 10 | B11: 011 | C11: Anggrek | D11: anggrek | E11: Kandangan Kota, Kandangan Utara | F11: Kandangan | G11: 2 | H11: 1 | I11: 4331 | J11: 0 | K11: 0 | L11: 781.6 | M11: 796.9 | N11: 2773.5 | O11: 196.3 | P11: 910.6 | Q11: 0 | R11: 0 | S11: 0 | T11: 0 | U11: 0 | V11: 0.23 | W11: 3 | X11: 0.23 | Y11: 0 | Z11: 0 | AA11: 0 | AB11: 0 | AC11: 0.23 | AD11: 0 | AE11: 0 | AF11: 0 | AG11: 1 | AH11: 0.23 | AI11: 3 | AJ11: 0.23 | AK11: 0 | AL11: 0 | AM11: 0 | AN11: 0 | AO11: 0.23 | AP11: 0 | AQ11: 0 | AR11: 0 | AS11: 1 | AT11: 0.23 | AU11: 0 | AV11: 0 | AW11: 0.23 | AX11: 0 | AY11: 0.23 | AZ11: 0 | BA11: 0 | BB11: 0 | BC11: 0.23 | BD11: 0 | BE11: 1 | BF11: 0 | BG11: 150 | BH11: 0.23 | BI11: 0 | BJ11: 0 | BK11: 0 | BL11: 1 | BM11: 1 | BN11: 2023 | BO11: 1 | BP11: 1 | BQ11: 1 | BR11: 2023 | BS11: 2 | BT11: 1 | BU11: 1 | BV11: 2023 | BW11: 3 | BX11: 0 | BY11: 0 | BZ11: 1 | CA11: 0 | CB11: 0 | CC11: 0 | CD11: 0 | CE11: 0 | CF11: 0 | CG11: 0 | CH11: 0 | CI11: 0 | CJ11: 1 | CK11: 0 | CL11: 0 | CM11: 0 | CN11: 0 | CO11: 0 | CP11: 0 | CQ11: 0 | CR11: 0
A12: 11 | B12: 346 | C12: Angkakai - Ds. Amawang Kiri | D12: angkakai – desa amawang kiri | E12: Amawang Kiri | F12: Kandangan | G12: 1 | H12: 1 | I12: 786 | J12: 0 | K12: 0 | L12: 4664.3 | M12: 3176.4 | N12: 5196.4 | O12: 490.7 | P12: 4346 | Q12: 0 | R12: 0 | S12: 0 | T12: 0 | U12: 0 | V12: 0.4 | W12: 3.5 | X12: 0 | Y12: 0 | Z12: 0 | AA12: 0.4 | AB12: 0 | AC12: 0 | AD12: 0 | AE12: 0 | AF12: 0.4 | AG12: 0 | AH12: 0.4 | AI12: 3.5 | AJ12: 0.4 | AK12: 0 | AL12: 0 | AM12: 0 | AN12: 0 | AO12: 0.4 | AP12: 0 | AQ12: 0 | AR12: 0 | AS12: 1 | AT12: 0.4 | AU12: 0 | AV12: 0 | AW12: 0.40000001 | AX12: 0 | AY12: 0.40000001 | AZ12: 0 | BA12: 0 | BB12: 0 | BC12: 0.40000001 | BD12: 0 | BE12: 1 | BF12: 0 | BG12: 150 | BH12: 0.40000001 | BI12: 0 | BJ12: 0 | BK12: 0 | BL12: 0 | BM12: 0 | BP12: 0 | BQ12: 0 | BT12: 0 | BU12: 0 | BX12: 0 | BY12: 0 | BZ12: 0 | CA12: 0 | CB12: 0 | CC12: 0 | CD12: 0 | CE12: 0 | CF12: 0 | CG12: 0 | CH12: 0 | CI12: 0 | CJ12: 0 | CK12: 0 | CL12: 0 | CM12: 0 | CN12: 0 | CO12: 0 | CP12: 0 | CQ12: 0 | CR12: 0
A13: 12 | B13: 178 | C13: Angkinang - Kayu Abang - Panggang Hijau | D13: angkinang – kayu abang – panggang hijau | E13: Angkinang, Kayu Abang, Tawia | F13: Angkinang | G13: 3 | H13: 1 | I13: 2516 | J13: 0 | K13: 1 | L13: 4170.6 | M13: 4803.9 | N13: 12260.5 | O13: 1030.9 | P13: 10397.6 | Q13: 0 | R13: 0 | S13: 0 | T13: 0 | U13: 0 | V13: 7 | W13: 3 | X13: 5.4 | Y13: 0 | Z13: 0 | AA13: 1.6 | AB13: 0 | AC13: 0 | AD13: 2.6 | AE13: 1.4 | AF13: 3 | AG13: 0.37142857 | AH13: 7 | AI13: 3 | AJ13: 5.4 | AK13: 0 | AL13: 0 | AM13: 0 | AN13: 1.6 | AO13: 1.6 | AP13: 1 | AQ13: 2.3 | AR13: 2.1 | AS13: 0.37142857 | AT13: 7 | AU13: 0 | AV13: 0 | AW13: 5.4000001 | AX13: 0 | AY13: 1.4 | AZ13: 1.1 | BA13: 1.3 | BB13: 1.6 | BC13: 2.5 | BD13: 2.9 | BE13: 0.46296297 | BF13: 0.53703703 | BG13: 150 | BH13: 1.4 | BI13: 1.1 | BJ13: 1.3 | BK13: 1.6 | BL13: 1 | BM13: 2 | BN13: 2023 | BO13: 1 | BP13: 1 | BQ13: 3 | BR13: 2024 | BS13: 1 | BT13: 1 | BU13: 3 | BV13: 2024 | BW13: 2 | BX13: 1 | BY13: 0 | BZ13: 1 | CA13: 1 | CB13: 0 | CC13: 1 | CD13: 0 | CE13: 1 | CF13: 1 | CG13: 0 | CH13: 0 | CI13: 0 | CJ13: 0 | CK13: 0 | CL13: 0 | CM13: 0 | CN13: 0 | CO13: 0 | CP13: 0 | CQ13: 0 | CR13: 0
A14: 13 | B14: 175 | C14: Angkinang - Telaga Langsat | D14: angkinang – telaga langsat | E14: Angkinang, Angkinang Selatan, Lok Binuang, Mandala, Telaga Langsat | F14: Angkinang, Telaga Langsat | G14: 5 | H14: 2 | I14: 2430 | J14: 0 | K14: 1 | L14: 2807.7 | M14: 2660.1 | N14: 12566.9 | O14: 42.4 | P14: 10704 | Q14: 0 | R14: 0 | S14: 0 | T14: 0 | U14: 0 | V14: 5.58 | W14: 3 | X14: 5.58 | Y14: 0 | Z14: 0 | AA14: 0 | AB14: 0 | AC14: 0 | AD14: 3.78 | AE14: 1.8 | AF14: 0 | AG14: 0.67741935 | AH14: 5.58 | AI14: 3 | AJ14: 5.58 | AK14: 0 | AL14: 0 | AM14: 0 | AN14: 0 | AO14: 4.38 | AP14: 0.6 | AQ14: 0.6 | AR14: 0 | AS14: 0.89247312 | AT14: 5.58 | AU14: 0 | AV14: 0 | AW14: 5.5799999 | AX14: 0 | AY14: 0.40000001 | AZ14: 3.98 | BA14: 1.2 | BB14: 0 | BC14: 4.38 | BD14: 1.2 | BE14: 0.78494623 | BF14: 0.21505377 | BG14: 150 | BH14: 0.40000001 | BI14: 3.98 | BJ14: 1.2 | BK14: 0 | BL14: 1 | BM14: 1 | BN14: 2021 | BO14: 3 | BP14: 1 | BQ14: 2 | BR14: 2024 | BS14: 1 | BT14: 1 | BU14: 3 | BV14: 2025 | BW14: 1 | BX14: 1 | BY14: 0 | BZ14: 0 | CA14: 1 | CB14: 1 | CC14: 0 | CD14: 0 | CE14: 0 | CF14: 1 | CG14: 1 | CH14: 1 | CI14: 0 | CJ14: 0 | CK14: 1 | CL14: 0 | CM14: 0 | CN14: 0 | CO14: 0 | CP14: 0 | CQ14: 0 | CR14: 0
A15: 14 | B15: 172 | C15: Angkinang Selatan - Tawia - Wawaran | D15: angkinang selatan – tawia – wawaran | E15: Angkinang Selatan, Bakarung, Taniran Kubah, Tawia | F15: Angkinang | G15: 4 | H15: 1 | I15: 3114 | J15: 0 | K15: 0 | L15: 3473.9 | M15: 4541 | N15: 11563.7 | O15: 1798.1 | P15: 9700.8 | Q15: 0 | R15: 0 | S15: 0 | T15: 0 | U15: 0 | V15: 5.88 | W15: 3 | X15: 5.88 | Y15: 0 | Z15: 0 | AA15: 0 | AB15: 0 | AC15: 0 | AD15: 4.48 | AE15: 1.4 | AF15: 0 | AG15: 0.76190476 | AH15: 5.88 | AI15: 3 | AJ15: 5.88 | AK15: 0 | AL15: 0 | AM15: 0 | AN15: 0 | AO15: 1.8 | AP15: 3 | AQ15: 1.08 | AR15: 0 | AS15: 0.81632653 | AT15: 5.88 | AU15: 0 | AV15: 0 | AW15: 5.8800001 | AX15: 0 | AY15: 1.7 | AZ15: 3.28 | BA15: 0.89999998 | BB15: 0 | BC15: 4.98 | BD15: 0.89999998 | BE15: 0.84693878 | BF15: 0.15306122 | BG15: 150 | BH15: 1.7 | BI15: 3.28 | BJ15: 0.89999998 | BK15: 0 | BL15: 1 | BM15: 1 | BN15: 2023 | BO15: 1 | BP15: 1 | BQ15: 2 | BR15: 2024 | BS15: 1 | BT15: 1 | BU15: 2 | BV15: 2024 | BW15: 2 | BX15: 0 | BY15: 0 | BZ15: 1 | CA15: 1 | CB15: 0 | CC15: 0 | CD15: 0 | CE15: 1 | CF15: 0 | CG15: 0 | CH15: 0 | CI15: 0 | CJ15: 0 | CK15: 1 | CL15: 0 | CM15: 1 | CN15: 0 | CO15: 0 | CP15: 0 | CQ15: 1 | CR15: 1
A16: 15 | B16: 347 | C16: Anjiran Rantauan - Ds. Taniran Tengah | D16: anjiran rantauan – desa taniran tengah | E16: Taniran Selatan | F16: Angkinang | G16: 1 | H16: 1 | I16: 545 | J16: 0 | K16: 1 | L16: 2869.7 | M16: 3143.5 | N16: 8536.5 | O16: 474.2 | P16: 6673.6 | Q16: 0 | R16: 0 | S16: 0 | T16: 0 | U16: 0 | V16: 1.21 | W16: 3.5 | X16: 1.21 | Y16: 0 | Z16: 0 | AA16: 0 | AB16: 0 | AC16: 0 | AD16: 0 | AE16: 0 | AF16: 1.21 | AG16: 0 | AH16: 1.21 | AI16: 3.5 | AJ16: 1.21 | AK16: 0 | AL16: 0 | AM16: 0 | AN16: 0 | AO16: 0 | AP16: 0 | AQ16: 0 | AR16: 1.21 | AS16: 0 | AT16: 1.21 | AU16: 0 | AV16: 0 | AW16: 0.70999998 | AX16: 0 | AY16: 0 | AZ16: 0 | BA16: 0 | BB16: 0.70999998 | BC16: 0 | BD16: 0.70999998 | BE16: 0 | BF16: 1 | BG16: 150 | BH16: 0 | BI16: 0 | BJ16: 0 | BK16: 0.70999998 | BL16: 0 | BM16: 0 | BP16: 0 | BQ16: 0 | BT16: 0 | BU16: 0 | BX16: 0 | BY16: 0 | BZ16: 0 | CA16: 0 | CB16: 0 | CC16: 0 | CD16: 0 | CE16: 0 | CF16: 0 | CG16: 0 | CH16: 0 | CI16: 0 | CJ16: 0 | CK16: 0 | CL16: 0 | CM16: 0 | CN16: 1 | CO16: 0 | CP16: 0 | CQ16: 0 | CR16: 1
A17: 16 | B17: 097 | C17: Asam Cangkuk - Telaga Bidadari | D17: asam cangkuk – telaga bidadari | E17: Amawang Kanan, Telaga Bidadari, Wasah Hulu | F17: Kandangan, Simpur, Sungai Raya | G17: 3 | H17: 3 | I17: 1790 | J17: 0 | K17: 0 | L17: 2965.8 | M17: 2977.4 | N17: 2083.4 | O17: 862.4 | P17: 3010.9 | Q17: 0 | R17: 0 | S17: 0 | T17: 0 | U17: 0 | V17: 0.83 | W17: 2 | X17: 0.83 | Y17: 0 | Z17: 0 | AA17: 0 | AB17: 0 | AC17: 0 | AD17: 0 | AE17: 0 | AF17: 0.83 | AG17: 0 | AH17: 0.83 | AI17: 2 | AJ17: 0.83 | AK17: 0 | AL17: 0 | AM17: 0 | AN17: 0 | AO17: 0 | AP17: 0 | AQ17: 0 | AR17: 0.83 | AS17: 0 | AT17: 0.83 | AU17: 0 | AV17: 0 | AW17: 0.82999998 | AX17: 0 | AY17: 0 | AZ17: 0 | BA17: 0 | BB17: 0.82999998 | BC17: 0 | BD17: 0.82999998 | BE17: 0 | BF17: 1 | BG17: 150 | BH17: 0 | BI17: 0 | BJ17: 0 | BK17: 0.82999998 | BL17: 0 | BM17: 0 | BP17: 0 | BQ17: 0 | BT17: 0 | BU17: 0 | BX17: 0 | BY17: 0 | BZ17: 0 | CA17: 0 | CB17: 0 | CC17: 0 | CD17: 0 | CE17: 0 | CF17: 0 | CG17: 0 | CH17: 0 | CI17: 0 | CJ17: 0 | CK17: 0 | CL17: 0 | CM17: 0 | CN17: 0 | CO17: 0 | CP17: 0 | CQ17: 0 | CR17: 0
A18: 17 | B18: 348 | C18: Asam Duhat - Ds. Pantai Ulin | D18: asam duhat – desa pantai ulin | E18: Pantai Ulin | F18: Simpur | G18: 1 | H18: 1 | I18: 708 | J18: 0 | K18: 0 | L18: 4362.9 | M18: 4148.6 | N18: 11085.9 | O18: 532.9 | P18: 7234.7 | Q18: 0 | R18: 0 | S18: 0 | T18: 0 | U18: 0 | V18: 1.11 | W18: 3.5 | X18: 0 | Y18: 0 | Z18: 0 | AA18: 1.11 | AB18: 0 | AC18: 0 | AD18: 0 | AE18: 0 | AF18: 1.11 | AG18: 0 | AH18: 1.11 | AI18: 3.5 | AJ18: 0 | AK18: 0 | AL18: 0 | AM18: 1.11 | AN18: 0 | AO18: 0 | AP18: 0 | AQ18: 0 | AR18: 1.11 | AS18: 0 | AT18: 1.11 | AU18: 0 | AV18: 0 | AW18: 0 | AX18: 0 | AY18: 0 | AZ18: 0 | BA18: 0 | BB18: 0 | BC18: 0 | BD18: 0 | BE18: 0 | BF18: 0 | BG18: 150 | BH18: 0 | BI18: 0 | BJ18: 0 | BK18: 0 | BL18: 1 | BM18: 2 | BN18: 2023 | BO18: 1 | BP18: 1 | BQ18: 2 | BR18: 2023 | BS18: 2 | BT18: 1 | BU18: 2 | BV18: 2023 | BW18: 3 | BX18: 0 | BY18: 1 | BZ18: 1 | CA18: 0 | CB18: 0 | CC18: 0 | CD18: 1 | CE18: 1 | CF18: 0 | CG18: 0 | CH18: 0 | CI18: 0 | CJ18: 0 | CK18: 0 | CL18: 0 | CM18: 1 | CN18: 0 | CO18: 0 | CP18: 0 | CQ18: 1 | CR18: 0
A19: 18 | B19: 123 | C19: Asam Seranggan - Asam Tamiyang | D19: asam seranggan – asam tamiyang | E19: Asam, Tamiyang | F19: Sungai Raya | G19: 2 | H19: 1 | I19: 797 | J19: 0 | K19: 0 | L19: 7415 | M19: 4953 | N19: 8268.7 | O19: 979.8 | P19: 12484.5 | Q19: 0 | R19: 0 | S19: 0 | T19: 0 | U19: 0 | V19: 1.02 | W19: 3 | X19: 0 | Y19: 0 | Z19: 0 | AA19: 1.02 | AB19: 0 | AC19: 0 | AD19: 0 | AE19: 0 | AF19: 1.02 | AG19: 0 | AH19: 1.02 | AI19: 3 | AJ19: 0 | AK19: 0 | AL19: 0 | AM19: 1.02 | AN19: 0 | AO19: 0 | AP19: 0 | AQ19: 0 | AR19: 1.02 | AS19: 0 | AT19: 1.02 | AU19: 1.02 | AV19: 0 | AW19: 0 | AX19: 0 | AY19: 1.02 | AZ19: 0 | BA19: 0 | BB19: 0 | BC19: 1.02 | BD19: 0 | BE19: 1 | BF19: 0 | BG19: 150 | BH19: 0 | BI19: 0 | BJ19: 0 | BK19: 0 | BL19: 1 | BM19: 1 | BN19: 2022 | BO19: 2 | BP19: 1 | BQ19: 1 | BR19: 2022 | BS19: 3 | BT19: 1 | BU19: 1 | BV19: 2022 | BW19: 4 | BX19: 0 | BY19: 1 | BZ19: 0 | CA19: 0 | CB19: 0 | CC19: 0 | CD19: 1 | CE19: 0 | CF19: 0 | CG19: 0 | CH19: 0 | CI19: 0 | CJ19: 0 | CK19: 0 | CL19: 0 | CM19: 0 | CN19: 0 | CO19: 0 | CP19: 0 | CQ19: 0 | CR19: 0
A20: 19 | B20: 238 | C20: At-Taubah - Ds. Kapuh | D20: at – taubah – desa kapuh | E20: Kapuh | F20: Simpur | G20: 1 | H20: 1 | I20: 682 | J20: 0 | K20: 0 | L20: 2565.8 | M20: 3045 | N20: 3705.6 | O20: 527.9 | P20: 5104.2 | Q20: 0 | R20: 0 | S20: 0 | T20: 0 | U20: 0 | V20: 0.47 | W20: 3 | X20: 0.47 | Y20: 0 | Z20: 0 | AA20: 0 | AB20: 0 | AC20: 0.47 | AD20: 0 | AE20: 0 | AF20: 0 | AG20: 1 | AH20: 0.47 | AI20: 3 | AJ20: 0.47 | AK20: 0 | AL20: 0 | AM20: 0 | AN20: 0 | AO20: 0.47 | AP20: 0 | AQ20: 0 | AR20: 0 | AS20: 1 | AT20: 0.47 | AU20: 0 | AV20: 0 | AW20: 0.47 | AX20: 0 | AY20: 0.1 | AZ20: 0.37 | BA20: 0 | BB20: 0 | BC20: 0.47000001 | BD20: 0 | BE20: 1 | BF20: 0 | BG20: 150 | BH20: 0.1 | BI20: 0.37 | BJ20: 0 | BK20: 0 | BL20: 0 | BM20: 0 | BP20: 0 | BQ20: 0 | BT20: 0 | BU20: 0 | BX20: 0 | BY20: 0 | BZ20: 0 | CA20: 0 | CB20: 0 | CC20: 0 | CD20: 0 | CE20: 0 | CF20: 0 | CG20: 0 | CH20: 0 | CI20: 0 | CJ20: 0 | CK20: 0 | CL20: 0 | CM20: 0 | CN20: 0 | CO20: 0 | CP20: 0 | CQ20: 0 | CR20: 0
A21: 20 | B21: 343 | C21: Badaun - Ds. Bjayau Lama | D21: badaun – desa bjayau lama | E21: Bajayau Lama | F21: Daha Barat | G21: 1 | H21: 1 | I21: 426 | J21: 0 | K21: 0 | O21: 612 | Q21: 1 | R21: 1 | S21: 1 | T21: 1 | U21: 0 | V21: 3.1 | W21: 3 | X21: 0 | Y21: 0 | Z21: 0 | AA21: 0 | AB21: 3.1 | AC21: 0 | AD21: 0 | AE21: 0 | AF21: 3.1 | AG21: 0 | AH21: 3.1 | AI21: 3 | AJ21: 0 | AK21: 0 | AL21: 0 | AM21: 0 | AN21: 3.1 | AO21: 0 | AP21: 0 | AQ21: 0 | AR21: 3.1 | AS21: 0 | AT21: 3.1 | AU21: 0 | AV21: 0 | AW21: 0 | AX21: 0 | AY21: 0 | AZ21: 0 | BA21: 0 | BB21: 0 | BC21: 0 | BD21: 0 | BE21: 0 | BF21: 0 | BG21: 150 | BH21: 0 | BI21: 0 | BJ21: 0 | BK21: 0 | BL21: 0 | BM21: 0 | BP21: 0 | BQ21: 0 | BT21: 0 | BU21: 0 | BX21: 0 | BY21: 0 | BZ21: 0 | CA21: 0 | CB21: 0 | CC21: 0 | CD21: 0 | CE21: 0 | CF21: 0 | CG21: 0 | CH21: 0 | CI21: 0 | CJ21: 0 | CK21: 0 | CL21: 0 | CM21: 0 | CN21: 0 | CO21: 0 | CP21: 0 | CQ21: 0 | CR21: 0
A22: 21 | B22: 249 | C22: Bago Tanggul - Katilang - Teratai | D22: bago tanggul – katilang – teratai | E22: Bago Tanggul, Balanti, Kalumpang, Karang Bulan | F22: Kalumpang | G22: 4 | H22: 1 | I22: 960 | J22: 0 | K22: 0 | L22: 10210.5 | M22: 7816.6 | N22: 20724.2 | O22: 161.6 | P22: 22103.7 | Q22: 0 | R22: 0 | S22: 0 | T22: 0 | U22: 0 | V22: 9.71 | W22: 4 | X22: 7.3 | Y22: 0 | Z22: 0 | AA22: 0 | AB22: 2.41 | AC22: 7.3 | AD22: 0 | AE22: 0 | AF22: 2.41 | AG22: 0.75180227 | AH22: 9.71 | AI22: 4 | AJ22: 7.3 | AK22: 0 | AL22: 0 | AM22: 0 | AN22: 2.41 | AO22: 6.2 | AP22: 1 | AQ22: 0.1 | AR22: 2.41 | AS22: 0.7415036 | AT22: 9.71 | AU22: 0 | AV22: 0 | AW22: 7.3000002 | AX22: 0 | AY22: 6.5999999 | AZ22: 0.69999999 | BA22: 0 | BB22: 0 | BC22: 7.2999999 | BD22: 0 | BE22: 1 | BF22: 0 | BG22: 150 | BH22: 6.5999999 | BI22: 0.69999999 | BJ22: 0 | BK22: 0 | BL22: 1 | BM22: 1 | BN22: 2022 | BO22: 2 | BP22: 1 | BQ22: 1 | BR22: 2022 | BS22: 3 | BT22: 1 | BU22: 1 | BV22: 2022 | BW22: 4 | BX22: 0 | BY22: 1 | BZ22: 0 | CA22: 0 | CB22: 0 | CC22: 0 | CD22: 0 | CE22: 0 | CF22: 0 | CG22: 0 | CH22: 0 | CI22: 1 | CJ22: 0 | CK22: 0 | CL22: 0 | CM22: 0 | CN22: 0 | CO22: 0 | CP22: 0 | CQ22: 0 | CR22: 0
A23: 22 | B23: 069 | C23: Baiturrahim Parincahan | D23: baiturrahim parincahan | E23: Kandangan Barat | F23: Kandangan | G23: 1 | H23: 1 | I23: 1874 | J23: 0 | K23: 1 | L23: 2675.7 | M23: 2608.4 | N23: 4437.4 | O23: 935.9 | P23: 2574.5 | Q23: 0 | R23: 0 | S23: 0 | T23: 0 | U23: 0 | V23: 1.42 | W23: 3 | X23: 1.2 | Y23: 0 | Z23: 0 | AA23: 0 | AB23: 0.22 | AC23: 0.4 | AD23: 0 | AE23: 0.8 | AF23: 0.22 | AG23: 0.28169014 | AH23: 1.42 | AI23: 3 | AJ23: 1.2 | AK23: 0 | AL23: 0 | AM23: 0.22 | AN23: 0 | AO23: 0 | AP23: 0.4 | AQ23: 0.8 | AR23: 0.22 | AS23: 0.28169014 | AT23: 1.42 | AU23: 0 | AV23: 0 | AW23: 1.2 | AX23: 0 | AY23: 0 | AZ23: 0.30000001 | BA23: 0.30000001 | BB23: 0.60000002 | BC23: 0.30000001 | BD23: 0.90000004 | BE23: 0.25 | BF23: 0.75 | BG23: 150 | BH23: 0 | BI23: 0.30000001 | BJ23: 0.30000001 | BK23: 0.60000002 | BL23: 1 | BM23: 1 | BN23: 2023 | BO23: 1 | BP23: 1 | BQ23: 1 | BR23: 2023 | BS23: 2 | BT23: 1 | BU23: 2 | BV23: 2025 | BW23: 1 | BX23: 0 | BY23: 0 | BZ23: 1 | CA23: 0 | CB23: 1 | CC23: 0 | CD23: 0 | CE23: 1 | CF23: 0 | CG23: 1 | CH23: 0 | CI23: 0 | CJ23: 0 | CK23: 0 | CL23: 0 | CM23: 0 | CN23: 0 | CO23: 0 | CP23: 0 | CQ23: 0 | CR23: 0
A24: 23 | B24: 340 | C24: Bajayau - Ds. Bajayau Tengah | D24: bajayau – desa bajayau tengah | E24: Bajayau, Bajayau Tengah | F24: Daha Barat | G24: 2 | H24: 1 | I24: 734 | J24: 0 | K24: 0 | L24: 3635.1 | M24: 1570.2 | N24: 17922.5 | O24: 1051.1 | Q24: 1 | R24: 0 | S24: 0 | T24: 0 | U24: 0 | V24: 7.58 | W24: 3.5 | X24: 3.1 | Y24: 0 | Z24: 0 | AA24: 0.1 | AB24: 4.38 | AC24: 3.1 | AD24: 0 | AE24: 0 | AF24: 4.48 | AG24: 0.40897098 | AH24: 7.58 | AI24: 3.5 | AJ24: 2.8 | AK24: 0 | AL24: 0 | AM24: 0.4 | AN24: 4.38 | AO24: 2.4 | AP24: 0 | AQ24: 0.2 | AR24: 4.98 | AS24: 0.31662269 | AT24: 7.58 | AU24: 0 | AV24: 0 | AW24: 3 | AX24: 0 | AY24: 2.0999999 | AZ24: 0.40000001 | BA24: 0.1 | BB24: 0.40000001 | BC24: 2.4999999 | BD24: 0.50000001 | BE24: 0.83333333 | BF24: 0.16666667 | BG24: 150 | BH24: 2.0999999 | BI24: 0.40000001 | BJ24: 0.1 | BK24: 0.40000001 | BL24: 1 | BM24: 1 | BN24: 2023 | BO24: 1 | BP24: 1 | BQ24: 1 | BR24: 2023 | BS24: 2 | BT24: 1 | BU24: 2 | BV24: 2025 | BW24: 1 | BX24: 0 | BY24: 0 | BZ24: 1 | CA24: 0 | CB24: 1 | CC24: 0 | CD24: 0 | CE24: 0 | CF24: 0 | CG24: 0 | CH24: 0 | CI24: 0 | CJ24: 1 | CK24: 0 | CL24: 1 | CM24: 1 | CN24: 0 | CO24: 0 | CP24: 0 | CQ24: 1 | CR24: 0
A25: 24 | B25: 167 | C25: Bakarung - Rantauan | D25: bakarung – rantauan | E25: Bakarung, Gambah Dalam Barat, Gambah Luar, Taniran Selatan | F25: Angkinang, Kandangan | G25: 4 | H25: 2 | I25: 2506 | J25: 1 | K25: 1 | L25: 1752.4 | M25: 2792.8 | N25: 8362.7 | O25: 1550.7 | P25: 6499.8 | Q25: 0 | R25: 0 | S25: 0 | T25: 0 | U25: 0 | V25: 3.03 | W25: 3.5 | X25: 3.03 | Y25: 0 | Z25: 0 | AA25: 0 | AB25: 0 | AC25: 3.03 | AD25: 0 | AE25: 0 | AF25: 0 | AG25: 1 | AH25: 3.03 | AI25: 3.5 | AJ25: 3.03 | AK25: 0 | AL25: 0 | AM25: 0 | AN25: 0 | AO25: 3.03 | AP25: 0 | AQ25: 0 | AR25: 0 | AS25: 1 | AT25: 3.03 | AU25: 0 | AV25: 0 | AW25: 3.03 | AX25: 0 | AY25: 1 | AZ25: 1.13 | BA25: 0.89999998 | BB25: 0 | BC25: 2.13 | BD25: 0.89999998 | BE25: 0.7029703 | BF25: 0.2970297 | BG25: 150 | BH25: 1 | BI25: 1.13 | BJ25: 0.89999998 | BK25: 0 | BL25: 1 | BM25: 2 | BN25: 2023 | BO25: 1 | BP25: 1 | BQ25: 2 | BR25: 2023 | BS25: 2 | BT25: 1 | BU25: 2 | BV25: 2023 | BW25: 3 | BX25: 0 | BY25: 1 | BZ25: 1 | CA25: 0 | CB25: 0 | CC25: 0 | CD25: 0 | CE25: 0 | CF25: 0 | CG25: 0 | CH25: 0 | CI25: 1 | CJ25: 1 | CK25: 0 | CL25: 0 | CM25: 0 | CN25: 0 | CO25: 0 | CP25: 0 | CQ25: 0 | CR25: 0
A26: 25 | B26: 179 | C26: Bakarung -Tabihi - Karang Jawa | D26: bakarung – tabihi – karang jawa | E26: Bakarung, Karang Jawa, Karang Jawa Muka, Tabihi | F26: Angkinang, Padang Batung | G26: 4 | H26: 2 | I26: 2766 | J26: 0 | K26: 1 | L26: 2678.7 | M26: 1551.4 | N26: 5058.9 | O26: 419.1 | P26: 3325.5 | Q26: 0 | R26: 0 | S26: 0 | T26: 0 | U26: 0 | V26: 4.57 | W26: 3.5 | X26: 4.57 | Y26: 0 | Z26: 0 | AA26: 0 | AB26: 0 | AC26: 0 | AD26: 4.57 | AE26: 0 | AF26: 0 | AG26: 1 | AH26: 4.57 | AI26: 3.5 | AJ26: 4.57 | AK26: 0 | AL26: 0 | AM26: 0 | AN26: 0 | AO26: 0 | AP26: 4.57 | AQ26: 0 | AR26: 0 | AS26: 1 | AT26: 4.57 | AU26: 0 | AV26: 0 | AW26: 4.5700002 | AX26: 0 | AY26: 0 | AZ26: 2.5699999 | BA26: 2 | BB26: 0 | BC26: 2.5699999 | BD26: 2 | BE26: 0.56236323 | BF26: 0.43763677 | BG26: 150 | BH26: 0 | BI26: 2.5699999 | BJ26: 2 | BK26: 0 | BL26: 1 | BM26: 1 | BN26: 2023 | BO26: 1 | BP26: 1 | BQ26: 1 | BR26: 2023 | BS26: 2 | BT26: 1 | BU26: 2 | BV26: 2025 | BW26: 1 | BX26: 0 | BY26: 0 | BZ26: 1 | CA26: 0 | CB26: 1 | CC26: 0 | CD26: 0 | CE26: 0 | CF26: 0 | CG26: 0 | CH26: 0 | CI26: 0 | CJ26: 1 | CK26: 0 | CL26: 1 | CM26: 1 | CN26: 0 | CO26: 0 | CP26: 0 | CQ26: 1 | CR26: 0
A27: 26 | B27: 056 | C27: Bakarung Tengah - Karang Jawa | D27: bakarung tengah – karang jawa | E27: Gambah Luar, Gambah Luar Muka, Karang Jawa Muka | F27: Kandangan, Padang Batung | G27: 3 | H27: 2 | I27: 1780 | J27: 0 | K27: 1 | L27: 2368.5 | M27: 1835.5 | N27: 4559.7 | O27: 89.1 | P27: 2826.2 | Q27: 0 | R27: 0 | S27: 0 | T27: 0 | U27: 0 | V27: 3.77 | W27: 3.5 | X27: 3.77 | Y27: 0 | Z27: 0 | AA27: 0 | AB27: 0 | AC27: 3.77 | AD27: 0 | AE27: 0 | AF27: 0 | AG27: 1 | AH27: 3.77 | AI27: 3.5 | AJ27: 3.77 | AK27: 0 | AL27: 0 | AM27: 0 | AN27: 0 | AO27: 0 | AP27: 3.77 | AQ27: 0 | AR27: 0 | AS27: 1 | AT27: 3.77 | AU27: 0 | AV27: 0 | AW27: 3.77 | AX27: 0 | AY27: 0 | AZ27: 3.0699999 | BA27: 0.69999999 | BB27: 0 | BC27: 3.0699999 | BD27: 0.69999999 | BE27: 0.81432361 | BF27: 0.18567639 | BG27: 150 | BH27: 0 | BI27: 3.0699999 | BJ27: 0.69999999 | BK27: 0 | BL27: 1 | BM27: 3 | BN27: 2023 | BO27: 1 | BP27: 1 | BQ27: 3 | BR27: 2023 | BS27: 2 | BT27: 1 | BU27: 3 | BV27: 2023 | BW27: 3 | BX27: 1 | BY27: 1 | BZ27: 1 | CA27: 0 | CB27: 0 | CC27: 1 | CD27: 1 | CE27: 1 | CF27: 0 | CG27: 0 | CH27: 0 | CI27: 0 | CJ27: 0 | CK27: 0 | CL27: 0 | CM27: 0 | CN27: 0 | CO27: 0 | CP27: 0 | CQ27: 0 | CR27: 0
A28: 27 | B28: 219 | C28: Balaimas - Hanau | D28: balaimas – hanau | E28: Panjampang Bahagia, Pantai Ulin | F28: Simpur | G28: 2 | H28: 1 | I28: 1150 | J28: 0 | K28: 0 | L28: 6620.7 | M28: 4762 | N28: 8803.8 | O28: 1614.2 | P28: 8968.5 | Q28: 0 | R28: 0 | S28: 0 | T28: 0 | U28: 0 | V28: 2.33 | W28: 3.5 | X28: 2.33 | Y28: 0 | Z28: 0 | AA28: 0 | AB28: 0 | AC28: 2.33 | AD28: 0 | AE28: 0 | AF28: 0 | AG28: 1 | AH28: 2.33 | AI28: 3.5 | AJ28: 2.33 | AK28: 0 | AL28: 0 | AM28: 0 | AN28: 0 | AO28: 2.33 | AP28: 0 | AQ28: 0 | AR28: 0 | AS28: 1 | AT28: 2.33 | AU28: 0 | AV28: 0 | AW28: 2.3299999 | AX28: 0 | AY28: 0 | AZ28: 2.3299999 | BA28: 0 | BB28: 0 | BC28: 2.3299999 | BD28: 0 | BE28: 1 | BF28: 0 | BG28: 150 | BH28: 0 | BI28: 2.3299999 | BJ28: 0 | BK28: 0 | BL28: 1 | BM28: 2 | BN28: 2023 | BO28: 1 | BP28: 1 | BQ28: 2 | BR28: 2023 | BS28: 2 | BT28: 1 | BU28: 2 | BV28: 2023 | BW28: 3 | BX28: 1 | BY28: 0 | BZ28: 1 | CA28: 0 | CB28: 0 | CC28: 1 | CD28: 0 | CE28: 1 | CF28: 0 | CG28: 0 | CH28: 0 | CI28: 0 | CJ28: 0 | CK28: 0 | CL28: 0 | CM28: 0 | CN28: 0 | CO28: 0 | CP28: 0 | CQ28: 0 | CR28: 0
A29: 28 | B29: 251 | C29: Balanti - (Ex. P3DT) | D29: balanti – p3dt | E29: Balanti, Karang Bulan | F29: Kalumpang | G29: 2 | H29: 1 | I29: 426 | J29: 0 | K29: 0 | L29: 4304.7 | M29: 1910.8 | N29: 14818.3 | O29: 1026 | P29: 16197.8 | Q29: 0 | R29: 0 | S29: 0 | T29: 0 | U29: 0 | V29: 1.66 | W29: 3 | X29: 1.66 | Y29: 0 | Z29: 0 | AA29: 0 | AB29: 0 | AC29: 1.66 | AD29: 0 | AE29: 0 | AF29: 0 | AG29: 1 | AH29: 1.66 | AI29: 3 | AJ29: 1.66 | AK29: 0 | AL29: 0 | AM29: 0 | AN29: 0 | AO29: 1.66 | AP29: 0 | AQ29: 0 | AR29: 0 | AS29: 1 | AT29: 1.66 | AU29: 0 | AV29: 0 | AW29: 1.66 | AX29: 0 | AY29: 1.0599999 | AZ29: 0.60000002 | BA29: 0 | BB29: 0 | BC29: 1.66 | BD29: 0 | BE29: 1 | BF29: 0 | BG29: 150 | BH29: 1.0599999 | BI29: 0.60000002 | BJ29: 0 | BK29: 0 | BL29: 1 | BM29: 1 | BN29: 2022 | BO29: 2 | BP29: 1 | BQ29: 1 | BR29: 2022 | BS29: 3 | BT29: 1 | BU29: 1 | BV29: 2022 | BW29: 4 | BX29: 0 | BY29: 1 | BZ29: 0 | CA29: 0 | CB29: 0 | CC29: 0 | CD29: 1 | CE29: 0 | CF29: 0 | CG29: 0 | CH29: 0 | CI29: 0 | CJ29: 0 | CK29: 0 | CL29: 0 | CM29: 0 | CN29: 0 | CO29: 0 | CP29: 0 | CQ29: 0 | CR29: 0
A30: 29 | B30: 256 | C30: Balimau - Murung Dalam | D30: balimau – murung dalam | E30: Balimau | F30: Kalumpang | G30: 1 | H30: 1 | I30: 310 | J30: 0 | K30: 0 | L30: 8506.9 | M30: 6113.1 | N30: 19020.6 | O30: 1650.5 | P30: 20400.1 | Q30: 0 | R30: 0 | S30: 0 | T30: 0 | U30: 0 | V30: 1.46 | W30: 2.5 | X30: 0 | Y30: 0 | Z30: 0 | AA30: 0 | AB30: 1.46 | AC30: 0 | AD30: 0 | AE30: 0 | AF30: 1.46 | AG30: 0 | AH30: 1.46 | AI30: 2.5 | AJ30: 0 | AK30: 0 | AL30: 0 | AM30: 0 | AN30: 1.46 | AO30: 0 | AP30: 0 | AQ30: 0 | AR30: 1.46 | AS30: 0 | AT30: 1.46 | AU30: 0 | AV30: 0 | AW30: 0 | AX30: 0 | AY30: 0 | AZ30: 0 | BA30: 0 | BB30: 0 | BC30: 0 | BD30: 0 | BE30: 0 | BF30: 0 | BG30: 150 | BH30: 0 | BI30: 0 | BJ30: 0 | BK30: 0 | BL30: 0 | BM30: 0 | BP30: 0 | BQ30: 0 | BT30: 0 | BU30: 0 | BX30: 0 | BY30: 0 | BZ30: 0 | CA30: 0 | CB30: 0 | CC30: 0 | CD30: 0 | CE30: 0 | CF30: 0 | CG30: 0 | CH30: 0 | CI30: 0 | CJ30: 0 | CK30: 0 | CL30: 0 | CM30: 0 | CN30: 0 | CO30: 0 | CP30: 0 | CQ30: 0 | CR30: 0
A31: 30 | B31: 040 | C31: Baluti - Jambu Hulu (Paku) | D31: baluti – jambu hulu paku | E31: Baluti, Jambu Hilir, Jambu Hulu | F31: Kandangan, Padang Batung | G31: 3 | H31: 2 | I31: 3778 | J31: 0 | K31: 1 | L31: 2296 | M31: 1621.3 | N31: 3589.2 | O31: 57.6 | P31: 2614.4 | Q31: 0 | R31: 0 | S31: 0 | T31: 0 | U31: 0 | V31: 4.07 | W31: 3.5 | X31: 4.07 | Y31: 0 | Z31: 0 | AA31: 0 | AB31: 0 | AC31: 4.07 | AD31: 0 | AE31: 0 | AF31: 0 | AG31: 1 | AH31: 4.07 | AI31: 3.5 | AJ31: 4.07 | AK31: 0 | AL31: 0 | AM31: 0 | AN31: 0 | AO31: 0 | AP31: 4.07 | AQ31: 0 | AR31: 0 | AS31: 1 | AT31: 4.07 | AU31: 0 | AV31: 0 | AW31: 4.0700002 | AX31: 0 | AY31: 0.5 | AZ31: 1.8 | BA31: 1.27 | BB31: 0.5 | BC31: 2.3 | BD31: 1.77 | BE31: 0.56511056 | BF31: 0.43488944 | BG31: 150 | BH31: 0.5 | BI31: 1.8 | BJ31: 1.27 | BK31: 0.5 | BL31: 1 | BM31: 1 | BN31: 2023 | BO31: 1 | BP31: 1 | BQ31: 1 | BR31: 2023 | BS31: 2 | BT31: 1 | BU31: 1 | BV31: 2023 | BW31: 3 | BX31: 0 | BY31: 0 | BZ31: 1 | CA31: 0 | CB31: 0 | CC31: 0 | CD31: 0 | CE31: 0 | CF31: 0 | CG31: 0 | CH31: 0 | CI31: 0 | CJ31: 1 | CK31: 0 | CL31: 0 | CM31: 0 | CN31: 0 | CO31: 0 | CP31: 0 | CQ31: 0 | CR31: 0
A32: 31 | B32: 191 | C32: Bamban (Tibung) - Martajiwa | D32: bamban tibung – martajiwa | E32: Bamban | F32: Angkinang | G32: 1 | H32: 1 | I32: 499 | J32: 0 | K32: 0 | L32: 3513.6 | M32: 1365.5 | N32: 13272.8 | O32: 739.2 | P32: 11409.9 | Q32: 0 | R32: 0 | S32: 0 | T32: 0 | U32: 0 | V32: 0.66 | W32: 3 | X32: 0.66 | Y32: 0 | Z32: 0 | AA32: 0 | AB32: 0 | AC32: 0 | AD32: 0.1 | AE32: 0 | AF32: 0.56 | AG32: 0.15151515 | AH32: 0.66 | AI32: 3 | AJ32: 0.1 | AK32: 0 | AL32: 0 | AM32: 0.56 | AN32: 0 | AO32: 0 | AP32: 0.1 | AQ32: 0 | AR32: 0.56 | AS32: 0.15151515 | AT32: 0.66 | AU32: 0 | AV32: 0 | AW32: 0.1 | AX32: 0 | AY32: 0 | AZ32: 0 | BA32: 0.1 | BB32: 0 | BC32: 0 | BD32: 0.1 | BE32: 0 | BF32: 1 | BG32: 150 | BH32: 0 | BI32: 0 | BJ32: 0.1 | BK32: 0 | BL32: 0 | BM32: 0 | BP32: 0 | BQ32: 0 | BT32: 0 | BU32: 0 | BX32: 0 | BY32: 0 | BZ32: 0 | CA32: 0 | CB32: 0 | CC32: 0 | CD32: 0 | CE32: 0 | CF32: 0 | CG32: 0 | CH32: 0 | CI32: 0 | CJ32: 0 | CK32: 0 | CL32: 0 | CM32: 1 | CN32: 0 | CO32: 0 | CP32: 0 | CQ32: 1 | CR32: 0
A33: 32 | B33: 176 | C33: Bamban Selatan - Pakuan | D33: bamban selatan – pakuan | E33: Angkinang, Bamban Selatan, Pakuan Timur | F33: Angkinang, Telaga Langsat | G33: 3 | H33: 2 | I33: 1568 | J33: 0 | K33: 1 | L33: 2719.8 | M33: 2340.2 | N33: 12479 | O33: 1116.4 | P33: 10616.1 | Q33: 0 | R33: 0 | S33: 0 | T33: 0 | U33: 0 | V33: 2.09 | W33: 3 | X33: 2.09 | Y33: 0 | Z33: 0 | AA33: 0 | AB33: 0 | AC33: 0 | AD33: 2.09 | AE33: 0 | AF33: 0 | AG33: 1 | AH33: 2.09 | AI33: 3 | AJ33: 2.09 | AK33: 0 | AL33: 0 | AM33: 0 | AN33: 0 | AO33: 0 | AP33: 2.09 | AQ33: 0 | AR33: 0 | AS33: 1 | AT33: 2.09 | AU33: 0 | AV33: 0 | AW33: 2.0899999 | AX33: 0 | AY33: 0 | AZ33: 1.89 | BA33: 0.2 | BB33: 0 | BC33: 1.89 | BD33: 0.2 | BE33: 0.90430622 | BF33: 0.095693782 | BG33: 150 | BH33: 0 | BI33: 1.89 | BJ33: 0.2 | BK33: 0 | BL33: 1 | BM33: 1 | BN33: 2023 | BO33: 1 | BP33: 1 | BQ33: 2 | BR33: 2024 | BS33: 1 | BT33: 1 | BU33: 3 | BV33: 2025 | BW33: 1 | BX33: 0 | BY33: 0 | BZ33: 1 | CA33: 1 | CB33: 1 | CC33: 0 | CD33: 0 | CE33: 1 | CF33: 1 | CG33: 1 | CH33: 0 | CI33: 0 | CJ33: 0 | CK33: 0 | CL33: 0 | CM33: 0 | CN33: 1 | CO33: 0 | CP33: 1 | CQ33: 0 | CR33: 0
A34: 33 | B34: 199 | C34: Bamban Selatan - Pakuan Balunan | D34: bamban selatan – pakuan balunan | E34: Bamban Selatan | F34: Angkinang | G34: 1 | H34: 1 | I34: 447 | J34: 0 | K34: 1 | L34: 3639.6 | M34: 2038.8 | N34: 13398.9 | O34: 865.2 | P34: 11536 | Q34: 0 | R34: 0 | S34: 0 | T34: 0 | U34: 0 | V34: 1.71 | W34: 3 | X34: 1.71 | Y34: 0 | Z34: 0 | AA34: 0 | AB34: 0 | AC34: 0 | AD34: 1.71 | AE34: 0 | AF34: 0 | AG34: 1 | AH34: 1.71 | AI34: 3 | AJ34: 1.71 | AK34: 0 | AL34: 0 | AM34: 0 | AN34: 0 | AO34: 0.51 | AP34: 1.2 | AQ34: 0 | AR34: 0 | AS34: 1 | AT34: 1.71 | AU34: 0 | AV34: 0 | AW34: 1.71 | AX34: 0 | AY34: 0.5 | AZ34: 1.21 | BA34: 0 | BB34: 0 | BC34: 1.71 | BD34: 0 | BE34: 1 | BF34: 0 | BG34: 150 | BH34: 0.5 | BI34: 1.21 | BJ34: 0 | BK34: 0 | BL34: 0 | BM34: 0 | BP34: 0 | BQ34: 0 | BT34: 0 | BU34: 0 | BX34: 0 | BY34: 0 | BZ34: 0 | CA34: 0 | CB34: 0 | CC34: 0 | CD34: 0 | CE34: 0 | CF34: 0 | CG34: 0 | CH34: 0 | CI34: 0 | CJ34: 0 | CK34: 0 | CL34: 0 | CM34: 0 | CN34: 0 | CO34: 0 | CP34: 0 | CQ34: 0 | CR34: 0
A35: 34 | B35: 174 | C35: Bamban Selatan - Tanggang - Panggang Hijau | D35: bamban selatan – tanggang – panggang hijau | E35: Bamban, Bamban Selatan, Kayu Abang | F35: Angkinang | G35: 3 | H35: 1 | I35: 1733 | J35: 0 | K35: 1 | L35: 4613.6 | M35: 2943.6 | N35: 13008.9 | O35: 1839.2 | P35: 11146 | Q35: 0 | R35: 0 | S35: 0 | T35: 0 | U35: 0 | V35: 3.58 | W35: 3 | X35: 1.1 | Y35: 0 | Z35: 0 | AA35: 2.48 | AB35: 0 | AC35: 0.2 | AD35: 0.8 | AE35: 0.1 | AF35: 2.48 | AG35: 0.27932961 | AH35: 3.58 | AI35: 3 | AJ35: 1.1 | AK35: 0 | AL35: 0 | AM35: 2.48 | AN35: 0 | AO35: 0 | AP35: 1 | AQ35: 0.1 | AR35: 2.48 | AS35: 0.27932961 | AT35: 3.58 | AU35: 0 | AV35: 0 | AW35: 1.1 | AX35: 0 | AY35: 0 | AZ35: 1 | BA35: 0.1 | BB35: 0 | BC35: 1 | BD35: 0.1 | BE35: 0.90909091 | BF35: 0.090909092 | BG35: 150 | BH35: 0 | BI35: 1 | BJ35: 0.1 | BK35: 0 | BL35: 0 | BM35: 0 | BP35: 0 | BQ35: 0 | BT35: 0 | BU35: 0 | BX35: 0 | BY35: 0 | BZ35: 0 | CA35: 0 | CB35: 0 | CC35: 0 | CD35: 0 | CE35: 0 | CF35: 0 | CG35: 0 | CH35: 0 | CI35: 0 | CJ35: 0 | CK35: 0 | CL35: 0 | CM35: 0 | CN35: 0 | CO35: 0 | CP35: 0 | CQ35: 0 | CR35: 0
A36: 35 | B36: 181 | C36: Bamban Tengah - Lok Nyiur | D36: bamban tengah – lok nyiur | E36: Bamban, Kayu Abang | F36: Angkinang | G36: 2 | H36: 1 | I36: 1286 | J36: 0 | K36: 1 | L36: 3704 | M36: 1555.9 | N36: 13463.2 | O36: 929.6 | P36: 11600.3 | Q36: 0 | R36: 0 | S36: 0 | T36: 0 | U36: 0 | V36: 1.26 | W36: 3.5 | X36: 1 | Y36: 0 | Z36: 0.26 | AA36: 0 | AB36: 0 | AC36: 0 | AD36: 0.8 | AE36: 0.2 | AF36: 0.26 | AG36: 0.63492063 | AH36: 1.26 | AI36: 3.5 | AJ36: 1 | AK36: 0 | AL36: 0.26 | AM36: 0 | AN36: 0 | AO36: 0.2 | AP36: 0.6 | AQ36: 0.2 | AR36: 0.26 | AS36: 0.63492063 | AT36: 1.26 | AU36: 0.25999999 | AV36: 0 | AW36: 1 | AX36: 0 | AY36: 0 | AZ36: 0.69999999 | BA36: 0.30000001 | BB36: 0.25999999 | BC36: 0.69999999 | BD36: 0.56 | BE36: 0.55555555 | BF36: 0.44444445 | BG36: 150 | BH36: 0 | BI36: 0.69999999 | BJ36: 0.30000001 | BK36: 0 | BL36: 0 | BM36: 0 | BP36: 0 | BQ36: 0 | BT36: 0 | BU36: 0 | BX36: 0 | BY36: 0 | BZ36: 0 | CA36: 0 | CB36: 0 | CC36: 0 | CD36: 0 | CE36: 0 | CF36: 0 | CG36: 0 | CH36: 0 | CI36: 0 | CJ36: 0 | CK36: 0 | CL36: 0 | CM36: 1 | CN36: 0 | CO36: 0 | CP36: 0 | CQ36: 1 | CR36: 0
A37: 36 | B37: 177 | C37: Bamban Utara - Longawang | D37: bamban utara – longawang | E37: Bamban Utara, Longawang, Pandulangan | F37: Angkinang, Telaga Langsat | G37: 3 | H37: 2 | I37: 1579 | J37: 0 | K37: 1 | L37: 4916.4 | M37: 1098.2 | N37: 14675.6 | O37: 222.1 | P37: 12812.7 | Q37: 0 | R37: 0 | S37: 0 | T37: 0 | U37: 0 | V37: 2.11 | W37: 3.5 | X37: 2.11 | Y37: 0 | Z37: 0 | AA37: 0 | AB37: 0 | AC37: 2.11 | AD37: 0 | AE37: 0 | AF37: 0 | AG37: 1 | AH37: 2.11 | AI37: 3.5 | AJ37: 2.11 | AK37: 0 | AL37: 0 | AM37: 0 | AN37: 0 | AO37: 0 | AP37: 2.11 | AQ37: 0 | AR37: 0 | AS37: 1 | AT37: 2.11 | AU37: 0 | AV37: 0 | AW37: 2.1099999 | AX37: 0 | AY37: 0 | AZ37: 2.01 | BA37: 0.1 | BB37: 0 | BC37: 2.01 | BD37: 0.1 | BE37: 0.95260663 | BF37: 0.047393366 | BG37: 150 | BH37: 0 | BI37: 2.01 | BJ37: 0.1 | BK37: 0 | BL37: 0 | BM37: 0 | BP37: 0 | BQ37: 0 | BT37: 0 | BU37: 0 | BX37: 0 | BY37: 0 | BZ37: 0 | CA37: 0 | CB37: 0 | CC37: 0 | CD37: 0 | CE37: 0 | CF37: 0 | CG37: 0 | CH37: 0 | CI37: 0 | CJ37: 0 | CK37: 0 | CL37: 0 | CM37: 0 | CN37: 0 | CO37: 0 | CP37: 0 | CQ37: 0 | CR37: 0
A38: 37 | B38: 112 | C38: Bangga TMMD | D38: bangga | E38: Telaga Bidadari | F38: Sungai Raya | G38: 1 | H38: 1 | I38: 668 | J38: 0 | K38: 0 | L38: 3386.3 | M38: 3536.4 | N38: 1759.6 | O38: 1501.9 | P38: 3431.5 | Q38: 0 | R38: 0 | S38: 0 | T38: 0 | U38: 0 | V38: 0.79 | W38: 3.5 | X38: 0.79 | Y38: 0 | Z38: 0 | AA38: 0 | AB38: 0 | AC38: 0 | AD38: 0.79 | AE38: 0 | AF38: 0 | AG38: 1 | AH38: 0.79 | AI38: 3.5 | AJ38: 0.79 | AK38: 0 | AL38: 0 | AM38: 0 | AN38: 0 | AO38: 0 | AP38: 0 | AQ38: 0.79 | AR38: 0 | AS38: 0 | AT38: 0.79 | AU38: 0 | AV38: 0 | AW38: 0.79000002 | AX38: 0 | AY38: 0 | AZ38: 0 | BA38: 0.79000002 | BB38: 0 | BC38: 0 | BD38: 0.79000002 | BE38: 0 | BF38: 1 | BG38: 150 | BH38: 0 | BI38: 0 | BJ38: 0.79000002 | BK38: 0 | BL38: 0 | BM38: 0 | BP38: 0 | BQ38: 0 | BT38: 0 | BU38: 0 | BX38: 0 | BY38: 0 | BZ38: 0 | CA38: 0 | CB38: 0 | CC38: 0 | CD38: 0 | CE38: 0 | CF38: 0 | CG38: 0 | CH38: 0 | CI38: 0 | CJ38: 0 | CK38: 0 | CL38: 0 | CM38: 0 | CN38: 0 | CO38: 0 | CP38: 0 | CQ38: 0 | CR38: 0
A39: 38 | B39: 341 | C39: Banua Hanyar - Ds. Tanjung Selor | D39: banua hanyar – desa tanjung selor | E39: Banua Hanyar, Tanjung Selor | F39: Daha Barat, Daha Selatan | G39: 2 | H39: 2 | I39: 1716 | J39: 0 | K39: 0 | Q39: 1 | R39: 1 | S39: 1 | T39: 1 | U39: 1 | V39: 5.61 | W39: 3 | X39: 0 | Y39: 0 | Z39: 0 | AA39: 0 | AB39: 5.61 | AC39: 0 | AD39: 0 | AE39: 0 | AF39: 5.61 | AG39: 0 | AH39: 5.61 | AI39: 3 | AJ39: 0 | AK39: 0 | AL39: 0 | AM39: 0 | AN39: 5.61 | AO39: 0 | AP39: 0 | AQ39: 0 | AR39: 5.61 | AS39: 0 | AT39: 5.61 | AU39: 0 | AV39: 0 | AW39: 0 | AX39: 0 | AY39: 0 | AZ39: 0 | BA39: 0 | BB39: 0 | BC39: 0 | BD39: 0 | BE39: 0 | BF39: 0 | BG39: 150 | BH39: 0 | BI39: 0 | BJ39: 0 | BK39: 0 | BL39: 0 | BM39: 0 | BP39: 0 | BQ39: 0 | BT39: 0 | BU39: 0 | BX39: 0 | BY39: 0 | BZ39: 0 | CA39: 0 | CB39: 0 | CC39: 0 | CD39: 0 | CE39: 0 | CF39: 0 | CG39: 0 | CH39: 0 | CI39: 0 | CJ39: 0 | CK39: 0 | CL39: 0 | CM39: 0 | CN39: 0 | CO39: 0 | CP39: 0 | CQ39: 0 | CR39: 0
A40: 39 | B40: 243 | C40: Banua Kambang - Ds. Wasah Tengah | D40: banua kambang – desa wasah tengah | E40: Wasah Hulu, Wasah Tengah | F40: Simpur | G40: 2 | H40: 1 | I40: 1057 | J40: 0 | K40: 1 | L40: 2640.6 | M40: 1440.1 | N40: 3946.6 | O40: 946.5 | P40: 4542.4 | Q40: 0 | R40: 0 | S40: 0 | T40: 0 | U40: 0 | V40: 1.39 | W40: 3 | X40: 0 | Y40: 0 | Z40: 0 | AA40: 1.39 | AB40: 0 | AC40: 0 | AD40: 0 | AE40: 0 | AF40: 1.39 | AG40: 0 | AH40: 1.39 | AI40: 3 | AJ40: 1.39 | AK40: 0 | AL40: 0 | AM40: 0 | AN40: 0 | AO40: 1.39 | AP40: 0 | AQ40: 0 | AR40: 0 | AS40: 1 | AT40: 1.39 | AU40: 0 | AV40: 0 | AW40: 1.39 | AX40: 0 | AY40: 0.40000001 | AZ40: 0.49000001 | BA40: 0.5 | BB40: 0 | BC40: 0.89000002 | BD40: 0.5 | BE40: 0.64028777 | BF40: 0.35971223 | BG40: 150 | BH40: 0.40000001 | BI40: 0.49000001 | BJ40: 0.5 | BK40: 0 | BL40: 0 | BM40: 0 | BP40: 1 | BQ40: 1 | BR40: 2024 | BS40: 1 | BT40: 1 | BU40: 1 | BV40: 2024 | BW40: 2 | BX40: 0 | BY40: 0 | BZ40: 0 | CA40: 1 | CB40: 0 | CC40: 0 | CD40: 0 | CE40: 0 | CF40: 0 | CG40: 0 | CH40: 0 | CI40: 0 | CJ40: 0 | CK40: 1 | CL40: 0 | CM40: 0 | CN40: 0 | CO40: 0 | CP40: 0 | CQ40: 0 | CR40: 0
A41: 40 | B41: 050 | C41: Banyu Barau - Sei Kalang | D41: banyu barau – sei kalang | E41: Kandangan Barat | F41: Kandangan | G41: 1 | H41: 1 | I41: 1874 | J41: 0 | K41: 1 | L41: 2875.3 | M41: 2807.9 | N41: 4548 | O41: 991.5 | P41: 2685.1 | Q41: 0 | R41: 0 | S41: 0 | T41: 0 | U41: 0 | V41: 2.1 | W41: 3 | X41: 2.1 | Y41: 0 | Z41: 0 | AA41: 0 | AB41: 0 | AC41: 2.1 | AD41: 0 | AE41: 0 | AF41: 0 | AG41: 1 | AH41: 2.1 | AI41: 3 | AJ41: 2.1 | AK41: 0 | AL41: 0 | AM41: 0 | AN41: 0 | AO41: 0 | AP41: 2.1 | AQ41: 0 | AR41: 0 | AS41: 1 | AT41: 2.1 | AU41: 0 | AV41: 0 | AW41: 2.0999999 | AX41: 0 | AY41: 0.89999998 | AZ41: 1.2 | BA41: 0 | BB41: 0 | BC41: 2.1 | BD41: 0 | BE41: 1 | BF41: 0 | BG41: 150 | BH41: 0.89999998 | BI41: 1.2 | BJ41: 0 | BK41: 0 | BL41: 1 | BM41: 1 | BN41: 2023 | BO41: 1 | BP41: 1 | BQ41: 1 | BR41: 2023 | BS41: 2 | BT41: 1 | BU41: 2 | BV41: 2025 | BW41: 1 | BX41: 0 | BY41: 0 | BZ41: 1 | CA41: 0 | CB41: 1 | CC41: 0 | CD41: 0 | CE41: 0 | CF41: 0 | CG41: 0 | CH41: 0 | CI41: 0 | CJ41: 1 | CK41: 0 | CL41: 1 | CM41: 0 | CN41: 0 | CO41: 0 | CP41: 0 | CQ41: 0 | CR41: 0
A42: 41 | B42: 046 | C42: Bariang - Getek | D42: bariang – getek | E42: Amawang Kiri, Amawang Kiri Muka, Bariang | F42: Kandangan | G42: 3 | H42: 1 | I42: 1903 | J42: 0 | K42: 0 | L42: 3312.2 | M42: 3299.3 | N42: 3671.3 | O42: 922.4 | P42: 3167.3 | Q42: 0 | R42: 0 | S42: 0 | T42: 0 | U42: 0 | V42: 1.24 | W42: 3 | X42: 1.24 | Y42: 0 | Z42: 0 | AA42: 0 | AB42: 0 | AC42: 1.24 | AD42: 0 | AE42: 0 | AF42: 0 | AG42: 1 | AH42: 1.24 | AI42: 3 | AJ42: 1.24 | AK42: 0 | AL42: 0 | AM42: 0 | AN42: 0 | AO42: 0 | AP42: 1.24 | AQ42: 0 | AR42: 0 | AS42: 1 | AT42: 1.24 | AU42: 0 | AV42: 0 | AW42: 1.24 | AX42: 0 | AY42: 0 | AZ42: 0.40000001 | BA42: 0.83999997 | BB42: 0 | BC42: 0.40000001 | BD42: 0.83999997 | BE42: 0.32258066 | BF42: 0.67741934 | BG42: 150 | BH42: 0 | BI42: 0.40000001 | BJ42: 0.83999997 | BK42: 0 | BL42: 0 | BM42: 0 | BP42: 0 | BQ42: 0 | BT42: 0 | BU42: 0 | BX42: 0 | BY42: 0 | BZ42: 0 | CA42: 0 | CB42: 0 | CC42: 0 | CD42: 0 | CE42: 0 | CF42: 0 | CG42: 0 | CH42: 0 | CI42: 0 | CJ42: 0 | CK42: 0 | CL42: 0 | CM42: 0 | CN42: 0 | CO42: 0 | CP42: 0 | CQ42: 0 | CR42: 0
A43: 42 | B43: 075 | C43: Bariang - Patigan | D43: bariang – patigan | E43: Amawang Kiri, Bariang | F43: Kandangan | G43: 2 | H43: 1 | I43: 1164 | J43: 0 | K43: 0 | L43: 4064.3 | M43: 3949.4 | N43: 4423.4 | O43: 897 | P43: 3919.4 | Q43: 0 | R43: 0 | S43: 0 | T43: 0 | U43: 0 | V43: 1.63 | W43: 3 | X43: 1.63 | Y43: 0 | Z43: 0 | AA43: 0 | AB43: 0 | AC43: 0 | AD43: 1.63 | AE43: 0 | AF43: 0 | AG43: 1 | AH43: 1.63 | AI43: 3 | AJ43: 1.63 | AK43: 0 | AL43: 0 | AM43: 0 | AN43: 0 | AO43: 0.6 | AP43: 1.03 | AQ43: 0 | AR43: 0 | AS43: 1 | AT43: 1.63 | AU43: 0 | AV43: 0 | AW43: 1.63 | AX43: 0 | AY43: 0.60000002 | AZ43: 1.03 | BA43: 0 | BB43: 0 | BC43: 1.63 | BD43: 0 | BE43: 1 | BF43: 0 | BG43: 150 | BH43: 0.60000002 | BI43: 1.03 | BJ43: 0 | BK43: 0 | BL43: 0 | BM43: 0 | BP43: 0 | BQ43: 0 | BT43: 0 | BU43: 0 | BX43: 0 | BY43: 0 | BZ43: 0 | CA43: 0 | CB43: 0 | CC43: 0 | CD43: 0 | CE43: 0 | CF43: 0 | CG43: 0 | CH43: 0 | CI43: 0 | CJ43: 0 | CK43: 0 | CL43: 0 | CM43: 0 | CN43: 0 | CO43: 0 | CP43: 0 | CQ43: 0 | CR43: 0
A44: 43 | B44: 125 | C44: Baru - Asam Desa Baru | D44: baru – asam desa baru | E44: Asam, Baru (Sungai Raya) | F44: Sungai Raya | G44: 2 | H44: 1 | I44: 743 | J44: 0 | K44: 0 | L44: 3233.4 | M44: 3264.1 | N44: 10405.2 | O44: 1686.5 | P44: 12077.1 | Q44: 0 | R44: 0 | S44: 0 | T44: 0 | U44: 0 | V44: 1.32 | W44: 3 | X44: 1.32 | Y44: 0 | Z44: 0 | AA44: 0 | AB44: 0 | AC44: 1.32 | AD44: 0 | AE44: 0 | AF44: 0 | AG44: 1 | AH44: 1.32 | AI44: 3 | AJ44: 1.32 | AK44: 0 | AL44: 0 | AM44: 0 | AN44: 0 | AO44: 0 | AP44: 1.32 | AQ44: 0 | AR44: 0 | AS44: 1 | AT44: 1.32 | AU44: 0 | AV44: 0 | AW44: 1.3200001 | AX44: 0 | AY44: 0.2 | AZ44: 0.92000002 | BA44: 0.2 | BB44: 0 | BC44: 1.12 | BD44: 0.2 | BE44: 0.84848485 | BF44: 0.15151515 | BG44: 150 | BH44: 0.2 | BI44: 0.92000002 | BJ44: 0.2 | BK44: 0 | BL44: 1 | BM44: 1 | BN44: 2023 | BO44: 1 | BP44: 1 | BQ44: 2 | BR44: 2024 | BS44: 1 | BT44: 1 | BU44: 2 | BV44: 2024 | BW44: 2 | BX44: 0 | BY44: 0 | BZ44: 1 | CA44: 1 | CB44: 0 | CC44: 0 | CD44: 0 | CE44: 1 | CF44: 1 | CG44: 0 | CH44: 0 | CI44: 0 | CJ44: 0 | CK44: 0 | CL44: 0 | CM44: 0 | CN44: 0 | CO44: 0 | CP44: 0 | CQ44: 0 | CR44: 0
A45: 44 | B45: 339 | C45: Baru - Ds. Bajayau | D45: baru – desa bajayau | E45: Baru (Daha Barat) | F45: Daha Barat | G45: 1 | H45: 1 | I45: 330 | J45: 0 | K45: 0 | L45: 3131.6 | M45: 5196.5 | N45: 11050 | O45: 1557.1 | P45: 41329.6 | Q45: 0 | R45: 0 | S45: 0 | T45: 0 | U45: 0 | V45: 2.33 | W45: 4 | X45: 0 | Y45: 0 | Z45: 0 | AA45: 2.33 | AB45: 0 | AC45: 0 | AD45: 0 | AE45: 0 | AF45: 2.33 | AG45: 0 | AH45: 2.33 | AI45: 4 | AJ45: 0 | AK45: 0 | AL45: 0 | AM45: 2.33 | AN45: 0 | AO45: 0 | AP45: 0 | AQ45: 0 | AR45: 2.33 | AS45: 0 | AT45: 2.33 | AU45: 0 | AV45: 0 | AW45: 0 | AX45: 0 | AY45: 0 | AZ45: 0 | BA45: 0 | BB45: 0 | BC45: 0 | BD45: 0 | BE45: 0 | BF45: 0 | BG45: 150 | BH45: 0 | BI45: 0 | BJ45: 0 | BK45: 0 | BL45: 1 | BM45: 1 | BN45: 2023 | BO45: 1 | BP45: 1 | BQ45: 2 | BR45: 2024 | BS45: 1 | BT45: 1 | BU45: 2 | BV45: 2024 | BW45: 2 | BX45: 0 | BY45: 0 | BZ45: 1 | CA45: 1 | CB45: 0 | CC45: 0 | CD45: 0 | CE45: 0 | CF45: 0 | CG45: 0 | CH45: 0 | CI45: 0 | CJ45: 1 | CK45: 1 | CL45: 0 | CM45: 0 | CN45: 0 | CO45: 0 | CP45: 0 | CQ45: 0 | CR45: 0
A46: 45 | B46: 130 | C46: Batang Kulur Kanan - Batang Kulur Kiri | D46: batang kulur kanan – batang kulur kiri | E46: Batang Kulur Kiri, Batang Kulur Tengah | F46: Sungai Raya | G46: 2 | H46: 1 | I46: 459 | J46: 0 | K46: 0 | L46: 1554.6 | M46: 1585.3 | N46: 6402 | O46: 1197.5 | P46: 8073.9 | Q46: 0 | R46: 0 | S46: 0 | T46: 0 | U46: 0 | V46: 0.82 | W46: 3.5 | X46: 0 | Y46: 0 | Z46: 0 | AA46: 0.82 | AB46: 0 | AC46: 0 | AD46: 0 | AE46: 0 | AF46: 0.82 | AG46: 0 | AH46: 0.82 | AI46: 3.5 | AJ46: 0 | AK46: 0 | AL46: 0 | AM46: 0.82 | AN46: 0 | AO46: 0 | AP46: 0 | AQ46: 0 | AR46: 0.82 | AS46: 0 | AT46: 0.82 | AU46: 0 | AV46: 0 | AW46: 0 | AX46: 0 | AY46: 0 | AZ46: 0 | BA46: 0 | BB46: 0 | BC46: 0 | BD46: 0 | BE46: 0 | BF46: 0 | BG46: 150 | BH46: 0 | BI46: 0 | BJ46: 0 | BK46: 0 | BL46: 0 | BM46: 0 | BP46: 0 | BQ46: 0 | BT46: 0 | BU46: 0 | BX46: 0 | BY46: 0 | BZ46: 0 | CA46: 0 | CB46: 0 | CC46: 0 | CD46: 0 | CE46: 0 | CF46: 0 | CG46: 0 | CH46: 0 | CI46: 0 | CJ46: 0 | CK46: 0 | CL46: 0 | CM46: 0 | CN46: 1 | CO46: 0 | CP46: 0 | CQ46: 0 | CR46: 1
A47: 46 | B47: 129 | C47: Batang Kulur Kanan - Bumi Berkat (Kisung) | D47: batang kulur kanan – bumi berkat kisung | E47: Batang Kulur Kanan, Bumi Berkat | F47: Sungai Raya | G47: 2 | H47: 1 | I47: 527 | J47: 0 | K47: 0 | L47: 4542.8 | M47: 4573.5 | N47: 11710.7 | O47: 2035.2 | P47: 13382.6 | Q47: 0 | R47: 0 | S47: 0 | T47: 0 | U47: 0 | V47: 1.61 | W47: 3.5 | X47: 1.61 | Y47: 0 | Z47: 0 | AA47: 0 | AB47: 0 | AC47: 0 | AD47: 0 | AE47: 0 | AF47: 1.61 | AG47: 0 | AH47: 1.61 | AI47: 3 | AJ47: 1.61 | AK47: 0 | AL47: 0 | AM47: 0 | AN47: 0 | AO47: 0 | AP47: 0 | AQ47: 0 | AR47: 1.61 | AS47: 0 | AT47: 1.61 | AU47: 0 | AV47: 0 | AW47: 1.61 | AX47: 0 | AY47: 0 | AZ47: 0 | BA47: 0 | BB47: 1.61 | BC47: 0 | BD47: 1.61 | BE47: 0 | BF47: 1 | BG47: 150 | BH47: 0 | BI47: 0 | BJ47: 0 | BK47: 1.61 | BL47: 0 | BM47: 0 | BP47: 0 | BQ47: 0 | BT47: 0 | BU47: 0 | BX47: 0 | BY47: 0 | BZ47: 0 | CA47: 0 | CB47: 0 | CC47: 0 | CD47: 0 | CE47: 0 | CF47: 0 | CG47: 0 | CH47: 0 | CI47: 0 | CJ47: 0 | CK47: 0 | CL47: 0 | CM47: 0 | CN47: 0 | CO47: 0 | CP47: 0 | CQ47: 0 | CR47: 0
A48: 47 | B48: 091 | C48: Batang Kulur Kanan - Sarangan | D48: batang kulur kanan – sarangan | E48: Batang Kulur Kanan, Ida Manggala | F48: Sungai Raya | G48: 2 | H48: 1 | I48: 751 | J48: 0 | K48: 0 | L48: 1424.6 | M48: 1455.3 | N48: 8596.5 | O48: 1082.9 | P48: 10268.4 | Q48: 0 | R48: 0 | S48: 0 | T48: 0 | U48: 0 | V48: 2.18 | W48: 3 | X48: 2.18 | Y48: 0 | Z48: 0 | AA48: 0 | AB48: 0 | AC48: 0 | AD48: 1.98 | AE48: 0.2 | AF48: 0 | AG48: 0.90825688 | AH48: 2.18 | AI48: 3 | AJ48: 2.18 | AK48: 0 | AL48: 0 | AM48: 0 | AN48: 0 | AO48: 0 | AP48: 1.98 | AQ48: 0.2 | AR48: 0 | AS48: 0.90825688 | AT48: 2.18 | AU48: 0 | AV48: 0 | AW48: 2.1800001 | AX48: 0 | AY48: 0 | AZ48: 1.6799999 | BA48: 0.5 | BB48: 0 | BC48: 1.6799999 | BD48: 0.5 | BE48: 0.7706422 | BF48: 0.2293578 | BG48: 150 | BH48: 0 | BI48: 1.6799999 | BJ48: 0.5 | BK48: 0 | BL48: 1 | BM48: 2 | BN48: 2023 | BO48: 1 | BP48: 1 | BQ48: 2 | BR48: 2023 | BS48: 2 | BT48: 1 | BU48: 2 | BV48: 2023 | BW48: 3 | BX48: 0 | BY48: 1 | BZ48: 1 | CA48: 0 | CB48: 0 | CC48: 0 | CD48: 1 | CE48: 1 | CF48: 0 | CG48: 0 | CH48: 0 | CI48: 0 | CJ48: 0 | CK48: 0 | CL48: 0 | CM48: 0 | CN48: 0 | CO48: 0 | CP48: 0 | CQ48: 0 | CR48: 0
A49: 48 | B49: 113 | C49: Batang Kulur Kiri - Durian Landung | D49: batang kulur kiri – durian landung | E49: Batang Kulur Kiri, Paring Agung | F49: Sungai Raya | G49: 2 | H49: 1 | I49: 643 | J49: 0 | K49: 0 | L49: 1284.1 | M49: 1314.8 | N49: 6603.6 | O49: 516.5 | P49: 8275.5 | Q49: 0 | R49: 0 | S49: 0 | T49: 0 | U49: 0 | V49: 0.55 | W49: 3.5 | X49: 0 | Y49: 0 | Z49: 0 | AA49: 0.55 | AB49: 0 | AC49: 0 | AD49: 0 | AE49: 0 | AF49: 0.55 | AG49: 0 | AH49: 0.55 | AI49: 3.5 | AJ49: 0.55 | AK49: 0 | AL49: 0 | AM49: 0 | AN49: 0 | AO49: 0.55 | AP49: 0 | AQ49: 0 | AR49: 0 | AS49: 1 | AT49: 0.55 | AU49: 0 | AV49: 0 | AW49: 0.55000001 | AX49: 0 | AY49: 0.44999999 | AZ49: 0.1 | BA49: 0 | BB49: 0 | BC49: 0.54999999 | BD49: 0 | BE49: 1 | BF49: 0 | BG49: 150 | BH49: 0.44999999 | BI49: 0.1 | BJ49: 0 | BK49: 0 | BL49: 0 | BM49: 0 | BP49: 1 | BQ49: 1 | BR49: 2024 | BS49: 1 | BT49: 1 | BU49: 1 | BV49: 2024 | BW49: 2 | BX49: 0 | BY49: 0 | BZ49: 0 | CA49: 1 | CB49: 0 | CC49: 0 | CD49: 0 | CE49: 0 | CF49: 0 | CG49: 0 | CH49: 0 | CI49: 0 | CJ49: 0 | CK49: 1 | CL49: 0 | CM49: 0 | CN49: 0 | CO49: 0 | CP49: 0 | CQ49: 0 | CR49: 0
A50: 49 | B50: 154 | C50: Batu Laki - Muara Pipii | D50: batu laki – muara pipii | E50: Batu Laki | F50: Padang Batung | G50: 1 | H50: 1 | I50: 507 | J50: 0 | K50: 0 | L50: 22881.6 | M50: 18931.9 | N50: 25092 | O50: 4485.5 | P50: 24994.4 | Q50: 0 | R50: 0 | S50: 0 | T50: 0 | U50: 0 | V50: 4.27 | W50: 3.5 | X50: 4.27 | Y50: 0 | Z50: 0 | AA50: 0 | AB50: 0 | AC50: 0 | AD50: 0.6 | AE50: 0.47 | AF50: 3.2 | AG50: 0.14051522 | AH50: 4.27 | AI50: 3.5 | AJ50: 4.27 | AK50: 0 | AL50: 0 | AM50: 0 | AN50: 0 | AO50: 0 | AP50: 0.2 | AQ50: 0.4 | AR50: 3.67 | AS50: 0.046838407 | AT50: 4.27 | AU50: 0.1 | AV50: 0 | AW50: 4.1700001 | AX50: 0 | AY50: 0.60000002 | AZ50: 0.30000001 | BA50: 0.40000001 | BB50: 2.97 | BC50: 0.90000004 | BD50: 3.37 | BE50: 0.21077284 | BF50: 0.78922716 | BG50: 150 | BH50: 0.5 | BI50: 0.30000001 | BJ50: 0.40000001 | BK50: 2.97 | BL50: 0 | BM50: 0 | BP50: 0 | BQ50: 0 | BT50: 0 | BU50: 0 | BX50: 0 | BY50: 0 | BZ50: 0 | CA50: 0 | CB50: 0 | CC50: 0 | CD50: 0 | CE50: 0 | CF50: 0 | CG50: 0 | CH50: 0 | CI50: 0 | CJ50: 0 | CK50: 0 | CL50: 0 | CM50: 0 | CN50: 0 | CO50: 0 | CP50: 0 | CQ50: 0 | CR50: 0
A51: 50 | B51: 269 | C51: Bayampah - Tanuhi - Tugu Niih | D51: bayampah – tanuhi – tugu niih | E51: Hulu Banyu, Loksado, Tumingki | F51: Loksado | G51: 3 | H51: 1 | I51: 1058 | J51: 1 | K51: 0 | L51: 29266.8 | M51: 5229.2 | N51: 31477.2 | O51: 1499.1 | P51: 31379.5 | Q51: 0 | R51: 0 | S51: 0 | T51: 0 | U51: 0 | V51: 0.61 | W51: 3.5 | X51: 0.61 | Y51: 0 | Z51: 0 | AA51: 0 | AB51: 0 | AC51: 0 | AD51: 0 | AE51: 0.21 | AF51: 0.4 | AG51: 0 | AH51: 0.61 | AI51: 3.5 | AJ51: 0.61 | AK51: 0 | AL51: 0 | AM51: 0 | AN51: 0 | AO51: 0 | AP51: 0.2 | AQ51: 0 | AR51: 0.41 | AS51: 0.32786885 | AT51: 0.61 | AU51: 0.20999999 | AV51: 0 | AW51: 0.40000001 | AX51: 0 | AY51: 0 | AZ51: 0.20999999 | BA51: 0 | BB51: 0.40000001 | BC51: 0.20999999 | BD51: 0.40000001 | BE51: 0.34426228 | BF51: 0.65573772 | BG51: 150 | BH51: 0 | BI51: 0 | BJ51: 0 | BK51: 0.40000001 | BL51: 0 | BM51: 0 | BP51: 0 | BQ51: 0 | BT51: 0 | BU51: 0 | BX51: 0 | BY51: 0 | BZ51: 0 | CA51: 0 | CB51: 0 | CC51: 0 | CD51: 0 | CE51: 0 | CF51: 0 | CG51: 0 | CH51: 0 | CI51: 0 | CJ51: 0 | CK51: 0 | CL51: 0 | CM51: 0 | CN51: 0 | CO51: 0 | CP51: 0 | CQ51: 0 | CR51: 0
A52: 51 | B52: 289 | C52: Bayanan - Habirau Tengah | D52: bayanan – habirau tengah | E52: Bayanan, Habirau, Habirau Tengah, Parigi, Sungai Pinang, Tumbukan Banyu | F52: Daha Selatan | G52: 6 | H52: 1 | I52: 4606 | J52: 1 | K52: 0 | L52: 1430.4 | M52: 0 | N52: 2388.8 | O52: 114.3 | P52: 29002 | Q52: 0 | R52: 0 | S52: 0 | T52: 0 | U52: 0 | V52: 2.86 | W52: 3.5 | X52: 2.86 | Y52: 0 | Z52: 0 | AA52: 0 | AB52: 0 | AC52: 1.6 | AD52: 0 | AE52: 1.06 | AF52: 0.2 | AG52: 0.55944056 | AH52: 2.86 | AI52: 3.5 | AJ52: 2.86 | AK52: 0 | AL52: 0 | AM52: 0 | AN52: 0 | AO52: 1.6 | AP52: 0 | AQ52: 1.06 | AR52: 0.2 | AS52: 0.55944056 | AT52: 2.86 | AU52: 0 | AV52: 0 | AW52: 2.8599999 | AX52: 0 | AY52: 0.2 | AZ52: 1.3 | BA52: 0.30000001 | BB52: 1.0599999 | BC52: 1.5 | BD52: 1.36 | BE52: 0.52447553 | BF52: 0.47552447 | BG52: 150 | BH52: 0.2 | BI52: 1.3 | BJ52: 0.30000001 | BK52: 1.0599999 | BL52: 1 | BM52: 1 | BN52: 2022 | BO52: 2 | BP52: 1 | BQ52: 1 | BR52: 2022 | BS52: 3 | BT52: 1 | BU52: 1 | BV52: 2022 | BW52: 4 | BX52: 0 | BY52: 1 | BZ52: 0 | CA52: 0 | CB52: 0 | CC52: 0 | CD52: 0 | CE52: 0 | CF52: 0 | CG52: 0 | CH52: 0 | CI52: 1 | CJ52: 0 | CK52: 0 | CL52: 0 | CM52: 1 | CN52: 0 | CO52: 0 | CP52: 0 | CQ52: 1 | CR52: 0
A53: 52 | B53: 306 | C53: Bayanan - Pihanin | D53: bayanan – pihanin | E53: Bayanan, Pandan Sari, Pihanin Raya | F53: Daha Selatan | G53: 3 | H53: 1 | I53: 2075 | J53: 0 | K53: 0 | L53: 1135.9 | M53: 1027.3 | N53: 705.3 | O53: 197.1 | P53: 27941.3 | Q53: 0 | R53: 0 | S53: 0 | T53: 0 | U53: 0 | V53: 2.21 | W53: 3.5 | X53: 2 | Y53: 0 | Z53: 0 | AA53: 0 | AB53: 0.21 | AC53: 0.6 | AD53: 0.4 | AE53: 0.8 | AF53: 0.41 | AG53: 0.45248869 | AH53: 2.21 | AI53: 3.5 | AJ53: 2.1 | AK53: 0 | AL53: 0 | AM53: 0 | AN53: 0.11 | AO53: 0 | AP53: 0.9 | AQ53: 0.8 | AR53: 0.51 | AS53: 0.40723982 | AT53: 2.21 | AU53: 0 | AV53: 0 | AW53: 2 | AX53: 0 | AY53: 0.60000002 | AZ53: 0.40000001 | BA53: 0.60000002 | BB53: 0.40000001 | BC53: 1 | BD53: 1 | BE53: 0.5 | BF53: 0.5 | BG53: 150 | BH53: 0.60000002 | BI53: 0.40000001 | BJ53: 0.60000002 | BK53: 0.40000001 | BL53: 0 | BM53: 0 | BP53: 0 | BQ53: 0 | BT53: 0 | BU53: 0 | BX53: 0 | BY53: 0 | BZ53: 0 | CA53: 0 | CB53: 0 | CC53: 0 | CD53: 0 | CE53: 0 | CF53: 0 | CG53: 0 | CH53: 0 | CI53: 0 | CJ53: 0 | CK53: 0 | CL53: 0 | CM53: 0 | CN53: 0 | CO53: 0 | CP53: 0 | CQ53: 0 | CR53: 0
A54: 53 | B54: 039 | C54: Bina Bakat | D54: bina bakat | E54: Tibung Raya | F54: Kandangan | G54: 1 | H54: 1 | I54: 938 | J54: 0 | K54: 0 | L54: 920.9 | M54: 1071 | N54: 1065.3 | O54: 210.7 | P54: 1034 | Q54: 0 | R54: 0 | S54: 0 | T54: 0 | U54: 0 | V54: 0.24 | W54: 3 | X54: 0.24 | Y54: 0 | Z54: 0 | AA54: 0 | AB54: 0 | AC54: 0.24 | AD54: 0 | AE54: 0 | AF54: 0 | AG54: 1 | AH54: 0.24 | AI54: 3 | AJ54: 0.24 | AK54: 0 | AL54: 0 | AM54: 0 | AN54: 0 | AO54: 0.24 | AP54: 0 | AQ54: 0 | AR54: 0 | AS54: 1 | AT54: 0.24 | AU54: 0 | AV54: 0 | AW54: 0.23999999 | AX54: 0 | AY54: 0.23999999 | AZ54: 0 | BA54: 0 | BB54: 0 | BC54: 0.23999999 | BD54: 0 | BE54: 1 | BF54: 0 | BG54: 150 | BH54: 0.23999999 | BI54: 0 | BJ54: 0 | BK54: 0 | BL54: 1 | BM54: 1 | BN54: 2023 | BO54: 1 | BP54: 1 | BQ54: 1 | BR54: 2023 | BS54: 2 | BT54: 1 | BU54: 1 | BV54: 2023 | BW54: 3 | BX54: 0 | BY54: 0 | BZ54: 1 | CA54: 0 | CB54: 0 | CC54: 0 | CD54: 0 | CE54: 0 | CF54: 0 | CG54: 0 | CH54: 0 | CI54: 0 | CJ54: 1 | CK54: 0 | CL54: 0 | CM54: 0 | CN54: 0 | CO54: 0 | CP54: 0 | CQ54: 0 | CR54: 0
A55: 54 | B55: 250 | C55: Binjai (Sirih Hulu) - Ds. Seranggan | D55: binjai sirih hulu – desa seranggan | E55: Asam, Sirih Hulu | F55: Kalumpang, Sungai Raya | G55: 2 | H55: 2 | I55: 701 | J55: 0 | K55: 1 | L55: 6241.4 | M55: 5437 | N55: 12374.3 | O55: 1268.6 | P55: 13772.9 | Q55: 0 | R55: 0 | S55: 0 | T55: 0 | U55: 0 | V55: 4.34 | W55: 3.5 | X55: 4.34 | Y55: 0 | Z55: 0 | AA55: 0 | AB55: 0 | AC55: 1.54 | AD55: 2.6 | AE55: 0.2 | AF55: 0 | AG55: 0.95391705 | AH55: 4.34 | AI55: 3.5 | AJ55: 4.34 | AK55: 0 | AL55: 0 | AM55: 0 | AN55: 0 | AO55: 1.74 | AP55: 2.2 | AQ55: 0.4 | AR55: 0 | AS55: 0.9078341 | AT55: 4.34 | AU55: 0 | AV55: 0 | AW55: 4.3400002 | AX55: 0 | AY55: 1.54 | AZ55: 1.4 | BA55: 1.4 | BB55: 0 | BC55: 2.9399999 | BD55: 1.4 | BE55: 0.67741935 | BF55: 0.32258065 | BG55: 150 | BH55: 1.54 | BI55: 1.4 | BJ55: 1.4 | BK55: 0 | BL55: 0 | BM55: 0 | BP55: 0 | BQ55: 0 | BT55: 0 | BU55: 0 | BX55: 0 | BY55: 0 | BZ55: 0 | CA55: 0 | CB55: 0 | CC55: 0 | CD55: 0 | CE55: 0 | CF55: 0 | CG55: 0 | CH55: 0 | CI55: 0 | CJ55: 0 | CK55: 0 | CL55: 0 | CM55: 0 | CN55: 0 | CO55: 0 | CP55: 0 | CQ55: 0 | CR55: 0
A56: 55 | B56: 082 | C56: Biti - Sungai Kupang (Karya Bakti TNI) | D56: biti – sei kupang karya bakti tni | E56: Lungau, Sungai Kupang | F56: Kandangan | G56: 2 | H56: 1 | I56: 1848 | J56: 1 | K56: 0 | L56: 10112.4 | M56: 9359.8 | N56: 11521.3 | O56: 939 | P56: 9847.6 | Q56: 0 | R56: 0 | S56: 0 | T56: 0 | U56: 0 | V56: 1.82 | W56: 3 | X56: 1.72 | Y56: 0 | Z56: 0 | AA56: 0.1 | AB56: 0 | AC56: 0 | AD56: 0.82 | AE56: 0 | AF56: 1 | AG56: 0.45054945 | AH56: 1.82 | AI56: 3 | AJ56: 1.82 | AK56: 0 | AL56: 0 | AM56: 0 | AN56: 0 | AO56: 0.8 | AP56: 0.4 | AQ56: 0.62 | AR56: 0 | AS56: 0.65934066 | AT56: 1.82 | AU56: 0 | AV56: 0 | AW56: 1.8200001 | AX56: 0 | AY56: 0.5 | AZ56: 0.30000001 | BA56: 0.62 | BB56: 0.40000001 | BC56: 0.80000001 | BD56: 1.02 | BE56: 0.43956044 | BF56: 0.56043956 | BG56: 150 | BH56: 0.5 | BI56: 0.30000001 | BJ56: 0.62 | BK56: 0.40000001 | BL56: 0 | BM56: 0 | BP56: 1 | BQ56: 1 | BR56: 2024 | BS56: 1 | BT56: 1 | BU56: 1 | BV56: 2024 | BW56: 2 | BX56: 0 | BY56: 0 | BZ56: 0 | CA56: 1 | CB56: 0 | CC56: 0 | CD56: 0 | CE56: 0 | CF56: 0 | CG56: 0 | CH56: 0 | CI56: 0 | CJ56: 0 | CK56: 1 | CL56: 0 | CM56: 0 | CN56: 0 | CO56: 0 | CP56: 0 | CQ56: 0 | CR56: 0
A57: 56 | B57: 023 | C57: Brigjen Katamso | D57: brigjen katamso | E57: Kandangan Barat | F57: Kandangan | G57: 1 | H57: 1 | I57: 1874 | J57: 0 | K57: 0 | L57: 1351.3 | M57: 1894.4 | N57: 2726.1 | O57: 0 | P57: 1033 | Q57: 0 | R57: 0 | S57: 0 | T57: 0 | U57: 0 | V57: 0.35 | W57: 3.5 | X57: 0.35 | Y57: 0 | Z57: 0 | AA57: 0 | AB57: 0 | AC57: 0.35 | AD57: 0 | AE57: 0 | AF57: 0 | AG57: 1 | AH57: 0.35 | AI57: 3.5 | AJ57: 0.35 | AK57: 0 | AL57: 0 | AM57: 0 | AN57: 0 | AO57: 0.15 | AP57: 0.2 | AQ57: 0 | AR57: 0 | AS57: 1 | AT57: 0.35 | AU57: 0 | AV57: 0 | AW57: 0.34999999 | AX57: 0 | AY57: 0 | AZ57: 0.34999999 | BA57: 0 | BB57: 0 | BC57: 0.34999999 | BD57: 0 | BE57: 1 | BF57: 0 | BG57: 150 | BH57: 0 | BI57: 0.34999999 | BJ57: 0 | BK57: 0 | BL57: 0 | BM57: 0 | BP57: 0 | BQ57: 0 | BT57: 0 | BU57: 0 | BX57: 0 | BY57: 0 | BZ57: 0 | CA57: 0 | CB57: 0 | CC57: 0 | CD57: 0 | CE57: 0 | CF57: 0 | CG57: 0 | CH57: 0 | CI57: 0 | CJ57: 0 | CK57: 0 | CL57: 0 | CM57: 0 | CN57: 0 | CO57: 0 | CP57: 0 | CQ57: 0 | CR57: 0
A58: 57 | B58: 265 | C58: Bubuih - Ds. Halunuk | D58: bubuih – desa halunuk | E58: Halunuk | F58: Loksado | G58: 1 | H58: 1 | I58: 303 | J58: 0 | K58: 1 | L58: 14913.1 | M58: 10870.4 | N58: 17123.5 | O58: 390 | P58: 17025.9 | Q58: 0 | R58: 0 | S58: 0 | T58: 0 | U58: 0 | V58: 0.74 | W58: 3.5 | X58: 0.74 | Y58: 0 | Z58: 0 | AA58: 0 | AB58: 0 | AC58: 0 | AD58: 0.2 | AE58: 0.54 | AF58: 0 | AG58: 0.27027027 | AH58: 0.74 | AI58: 3.5 | AJ58: 0.74 | AK58: 0 | AL58: 0 | AM58: 0 | AN58: 0 | AO58: 0 | AP58: 0 | AQ58: 0.34 | AR58: 0.4 | AS58: 0 | AT58: 0.74 | AU58: 0 | AV58: 0 | AW58: 0.74000001 | AX58: 0 | AY58: 0 | AZ58: 0.1 | BA58: 0.14 | BB58: 0.5 | BC58: 0.1 | BD58: 0.64 | BE58: 0.13513514 | BF58: 0.86486486 | BG58: 150 | BH58: 0 | BI58: 0.1 | BJ58: 0.14 | BK58: 0.5 | BL58: 0 | BM58: 0 | BP58: 0 | BQ58: 0 | BT58: 0 | BU58: 0 | BX58: 0 | BY58: 0 | BZ58: 0 | CA58: 0 | CB58: 0 | CC58: 0 | CD58: 0 | CE58: 0 | CF58: 0 | CG58: 0 | CH58: 0 | CI58: 0 | CJ58: 0 | CK58: 0 | CL58: 0 | CM58: 0 | CN58: 0 | CO58: 0 | CP58: 0 | CQ58: 0 | CR58: 0
A59: 58 | B59: 278 | C59: Bubuih (Ds. Halunuk) - Kandihin | D59: bubuih desa halunuk – kandihin | E59: Halunuk | F59: Loksado | G59: 1 | H59: 1 | I59: 303 | J59: 0 | K59: 0 | L59: 16716.8 | M59: 12674.1 | N59: 18927.2 | O59: 1391.2 | P59: 18829.6 | Q59: 0 | R59: 0 | S59: 0 | T59: 0 | U59: 0 | V59: 2.93 | W59: 2 | X59: 0 | Y59: 0 | Z59: 2.93 | AA59: 0 | AB59: 0 | AC59: 0.4 | AD59: 0.2 | AE59: 2.13 | AF59: 0.2 | AG59: 0.20477816 | AH59: 2.93 | AI59: 2 | AJ59: 0 | AK59: 0 | AL59: 2.93 | AM59: 0 | AN59: 0 | AO59: 0 | AP59: 0.4 | AQ59: 1.53 | AR59: 1 | AS59: 0.13651877 | AT59: 2.93 | AU59: 2.9300001 | AV59: 0 | AW59: 0 | AX59: 0 | AY59: 0 | AZ59: 0 | BA59: 2.23 | BB59: 0.69999999 | BC59: 0 | BD59: 2.93 | BE59: 0 | BF59: 1 | BG59: 150 | BH59: 0 | BI59: 0 | BJ59: 0 | BK59: 0 | BL59: 1 | BM59: 1 | BN59: 2023 | BO59: 1 | BP59: 1 | BQ59: 1 | BR59: 2023 | BS59: 2 | BT59: 1 | BU59: 1 | BV59: 2023 | BW59: 3 | BX59: 0 | BY59: 0 | BZ59: 1 | CA59: 0 | CB59: 0 | CC59: 0 | CD59: 0 | CE59: 1 | CF59: 0 | CG59: 0 | CH59: 0 | CI59: 0 | CJ59: 0 | CK59: 0 | CL59: 0 | CM59: 0 | CN59: 0 | CO59: 0 | CP59: 0 | CQ59: 0 | CR59: 0
A60: 59 | B60: 028 | C60: Budi Bakti - Tiga Desember | D60: budi bakti – tiga desember | E60: Amawang Kiri Muka, Kandangan Barat, Tibung Raya | F60: Kandangan | G60: 3 | H60: 1 | I60: 3551 | J60: 0 | K60: 1 | L60: 1491.2 | M60: 1641.3 | N60: 2153.7 | O60: 572.3 | P60: 1254.7 | Q60: 0 | R60: 0 | S60: 0 | T60: 0 | U60: 0 | V60: 0.81 | W60: 5 | X60: 0.81 | Y60: 0 | Z60: 0 | AA60: 0 | AB60: 0 | AC60: 0.81 | AD60: 0 | AE60: 0 | AF60: 0 | AG60: 1 | AH60: 0.81 | AI60: 5 | AJ60: 0.81 | AK60: 0 | AL60: 0 | AM60: 0 | AN60: 0 | AO60: 0 | AP60: 0.81 | AQ60: 0 | AR60: 0 | AS60: 1 | AT60: 0.81 | AU60: 0 | AV60: 0 | AW60: 0.81 | AX60: 0 | AY60: 0 | AZ60: 0.81 | BA60: 0 | BB60: 0 | BC60: 0.81 | BD60: 0 | BE60: 1 | BF60: 0 | BG60: 150 | BH60: 0 | BI60: 0.81 | BJ60: 0 | BK60: 0 | BL60: 0 | BM60: 0 | BP60: 0 | BQ60: 0 | BT60: 0 | BU60: 0 | BX60: 0 | BY60: 0 | BZ60: 0 | CA60: 0 | CB60: 0 | CC60: 0 | CD60: 0 | CE60: 0 | CF60: 0 | CG60: 0 | CH60: 0 | CI60: 0 | CJ60: 0 | CK60: 0 | CL60: 0 | CM60: 0 | CN60: 0 | CO60: 0 | CP60: 0 | CQ60: 0 | CR60: 0
A61: 60 | B61: 229 | C61: Buluh - Ds. Tebing Tinggi | D61: buluh – desa tebing tinggi | E61: Tebing Tinggi | F61: Simpur | G61: 1 | H61: 1 | I61: 404 | J61: 0 | K61: 1 | L61: 2436.5 | M61: 2727.7 | N61: 9356.3 | O61: 946.5 | P61: 10735.8 | Q61: 0 | R61: 0 | S61: 0 | T61: 0 | U61: 0 | V61: 1.28 | W61: 3.5 | X61: 0.4 | Y61: 0 | Z61: 0 | AA61: 0.88 | AB61: 0 | AC61: 0.4 | AD61: 0 | AE61: 0 | AF61: 0.88 | AG61: 0.3125 | AH61: 1.28 | AI61: 3.5 | AJ61: 0.6 | AK61: 0 | AL61: 0 | AM61: 0.68 | AN61: 0 | AO61: 0.6 | AP61: 0 | AQ61: 0 | AR61: 0.68 | AS61: 0.46875 | AT61: 1.28 | AU61: 0 | AV61: 0 | AW61: 0.60000002 | AX61: 0 | AY61: 0.5 | AZ61: 0.1 | BA61: 0 | BB61: 0 | BC61: 0.6 | BD61: 0 | BE61: 1 | BF61: 0 | BG61: 150 | BH61: 0.5 | BI61: 0.1 | BJ61: 0 | BK61: 0 | BL61: 1 | BM61: 1 | BN61: 2021 | BO61: 3 | BP61: 1 | BQ61: 2 | BR61: 2024 | BS61: 1 | BT61: 1 | BU61: 2 | BV61: 2024 | BW61: 2 | BX61: 1 | BY61: 0 | BZ61: 0 | CA61: 1 | CB61: 0 | CC61: 0 | CD61: 0 | CE61: 0 | CF61: 0 | CG61: 0 | CH61: 1 | CI61: 0 | CJ61: 0 | CK61: 1 | CL61: 0 | CM61: 0 | CN61: 0 | CO61: 0 | CP61: 0 | CQ61: 0 | CR61: 0
A62: 61 | B62: 092 | C62: Bumi Berkat - Mungkur Galah | D62: bumi berkat – mungkur galah | E62: Bumi Berkat | F62: Sungai Raya | G62: 1 | H62: 1 | I62: 259 | J62: 0 | K62: 0 | L62: 4463 | M62: 4493.7 | N62: 11634.9 | O62: 376.2 | P62: 13306.7 | Q62: 0 | R62: 0 | S62: 0 | T62: 0 | U62: 0 | V62: 1.51 | W62: 3 | X62: 1.51 | Y62: 0 | Z62: 0 | AA62: 0 | AB62: 0 | AC62: 1.51 | AD62: 0 | AE62: 0 | AF62: 0 | AG62: 1 | AH62: 1.51 | AI62: 3 | AJ62: 1.51 | AK62: 0 | AL62: 0 | AM62: 0 | AN62: 0 | AO62: 0 | AP62: 1.2 | AQ62: 0.2 | AR62: 0.11 | AS62: 0.79470199 | AT62: 1.51 | AU62: 0 | AV62: 0 | AW62: 1.51 | AX62: 0 | AY62: 0 | AZ62: 1.2 | BA62: 0.31 | BB62: 0 | BC62: 1.2 | BD62: 0.31 | BE62: 0.79470199 | BF62: 0.20529801 | BG62: 150 | BH62: 0 | BI62: 1.2 | BJ62: 0.31 | BK62: 0 | BL62: 0 | BM62: 0 | BP62: 1 | BQ62: 1 | BR62: 2024 | BS62: 1 | BT62: 1 | BU62: 2 | BV62: 2025 | BW62: 1 | BX62: 0 | BY62: 0 | BZ62: 0 | CA62: 1 | CB62: 1 | CC62: 0 | CD62: 0 | CE62: 0 | CF62: 1 | CG62: 1 | CH62: 0 | CI62: 0 | CJ62: 0 | CK62: 0 | CL62: 0 | CM62: 0 | CN62: 0 | CO62: 0 | CP62: 0 | CQ62: 0 | CR62: 0
A63: 62 | B63: 271 | C63: Buntu Muara Hatib - Bts. Kab. HST | D63: buntu muara hatib – bts kab hst | E63: Hulu Banyu | F63: Loksado | G63: 1 | H63: 1 | I63: 474 | J63: 1 | K63: 0 | L63: 26934.3 | M63: 8122.4 | N63: 29144.7 | O63: 1982.5 | P63: 29047.1 | Q63: 0 | R63: 0 | S63: 0 | T63: 0 | U63: 0 | V63: 1.16 | W63: 3.5 | X63: 1.16 | Y63: 0 | Z63: 0 | AA63: 0 | AB63: 0 | AC63: 1.16 | AD63: 0 | AE63: 0 | AF63: 0 | AG63: 1 | AH63: 1.16 | AI63: 3.5 | AJ63: 1.16 | AK63: 0 | AL63: 0 | AM63: 0 | AN63: 0 | AO63: 1.16 | AP63: 0 | AQ63: 0 | AR63: 0 | AS63: 1 | AT63: 1.16 | AU63: 0 | AV63: 0 | AW63: 1.16 | AX63: 0 | AY63: 0 | AZ63: 1.0599999 | BA63: 0.1 | BB63: 0 | BC63: 1.0599999 | BD63: 0.1 | BE63: 0.9137931 | BF63: 0.086206902 | BG63: 150 | BH63: 0 | BI63: 1.0599999 | BJ63: 0.1 | BK63: 0 | BL63: 0 | BM63: 0 | BP63: 0 | BQ63: 0 | BT63: 0 | BU63: 0 | BX63: 0 | BY63: 0 | BZ63: 0 | CA63: 0 | CB63: 0 | CC63: 0 | CD63: 0 | CE63: 0 | CF63: 0 | CG63: 0 | CH63: 0 | CI63: 0 | CJ63: 0 | CK63: 0 | CL63: 0 | CM63: 0 | CN63: 0 | CO63: 0 | CP63: 0 | CQ63: 0 | CR63: 0
A64: 63 | B64: 331 | C64: Cangkingan Herman | D64: cangkingan herman | E64: Panggandingan | F64: Daha Utara | G64: 1 | H64: 1 | I64: 633 | J64: 0 | K64: 0 | L64: 1258.9 | M64: 795.3 | N64: 2477.8 | O64: 0 | P64: 29090.9 | Q64: 0 | R64: 0 | S64: 0 | T64: 0 | U64: 0 | V64: 0.32 | W64: 3 | X64: 0.32 | Y64: 0 | Z64: 0 | AA64: 0 | AB64: 0 | AC64: 0.32 | AD64: 0 | AE64: 0 | AF64: 0 | AG64: 1 | AH64: 0.32 | AI64: 3 | AJ64: 0.32 | AK64: 0 | AL64: 0 | AM64: 0 | AN64: 0 | AO64: 0.2 | AP64: 0.12 | AQ64: 0 | AR64: 0 | AS64: 1 | AT64: 0.32 | AU64: 0 | AV64: 0 | AW64: 0.31999999 | AX64: 0 | AY64: 0 | AZ64: 0.2 | BA64: 0.1 | BB64: 0.02 | BC64: 0.2 | BD64: 0.12 | BE64: 0.625 | BF64: 0.375 | BG64: 150 | BH64: 0 | BI64: 0.2 | BJ64: 0.1 | BK64: 0.02 | BL64: 0 | BM64: 0 | BP64: 0 | BQ64: 0 | BT64: 0 | BU64: 0 | BX64: 0 | BY64: 0 | BZ64: 0 | CA64: 0 | CB64: 0 | CC64: 0 | CD64: 0 | CE64: 0 | CF64: 0 | CG64: 0 | CH64: 0 | CI64: 0 | CJ64: 0 | CK64: 0 | CL64: 0 | CM64: 0 | CN64: 1 | CO64: 0 | CP64: 0 | CQ64: 0 | CR64: 1
A65: 64 | B65: 015 | C65: Dahlia | D65: dahlia | E65: Kandangan Utara | F65: Kandangan | G65: 1 | H65: 1 | I65: 1142 | J65: 0 | K65: 0 | L65: 1768.8 | M65: 197.4 | N65: 3467.1 | O65: 0 | P65: 1604.2 | Q65: 0 | R65: 0 | S65: 0 | T65: 0 | U65: 0 | V65: 0.18 | W65: 3 | X65: 0.18 | Y65: 0 | Z65: 0 | AA65: 0 | AB65: 0 | AC65: 0 | AD65: 0.18 | AE65: 0 | AF65: 0 | AG65: 1 | AH65: 0.18 | AI65: 3 | AJ65: 0.18 | AK65: 0 | AL65: 0 | AM65: 0 | AN65: 0 | AO65: 0 | AP65: 0.18 | AQ65: 0 | AR65: 0 | AS65: 1 | AT65: 0.18 | AU65: 0 | AV65: 0 | AW65: 0.18000001 | AX65: 0 | AY65: 0 | AZ65: 0 | BA65: 0.1 | BB65: 0.079999998 | BC65: 0 | BD65: 0.18 | BE65: 0 | BF65: 1 | BG65: 150 | BH65: 0 | BI65: 0 | BJ65: 0.1 | BK65: 0.079999998 | BL65: 0 | BM65: 0 | BP65: 0 | BQ65: 0 | BT65: 0 | BU65: 0 | BX65: 0 | BY65: 0 | BZ65: 0 | CA65: 0 | CB65: 0 | CC65: 0 | CD65: 0 | CE65: 0 | CF65: 0 | CG65: 0 | CH65: 0 | CI65: 0 | CJ65: 0 | CK65: 0 | CL65: 0 | CM65: 0 | CN65: 0 | CO65: 0 | CP65: 0 | CQ65: 0 | CR65: 0
A66: 65 | B66: 280 | C66: Datar Belimbing - Muara Kitar | D66: datar belimbing – muara kitar | E66: Hulu Banyu, Lumpangi | F66: Loksado | G66: 2 | H66: 1 | I66: 859 | J66: 0 | K66: 0 | L66: 30227.2 | M66: 8413.6 | N66: 32437.6 | O66: 2459.5 | P66: 32339.9 | Q66: 0 | R66: 0 | S66: 0 | T66: 0 | U66: 0 | V66: 4.86 | W66: 1.5 | X66: 0 | Y66: 0 | Z66: 2.2 | AA66: 0.4 | AB66: 2.26 | AC66: 1.2 | AD66: 0 | AE66: 0.4 | AF66: 3.26 | AG66: 0.24691358 | AH66: 4.86 | AI66: 1.5 | AJ66: 0 | AK66: 0 | AL66: 2.6 | AM66: 0 | AN66: 2.26 | AO66: 0 | AP66: 1.3 | AQ66: 0.2 | AR66: 3.36 | AS66: 0.26748971 | AT66: 4.86 | AU66: 3.0599999 | AV66: 0 | AW66: 0 | AX66: 0 | AY66: 0 | AZ66: 2.76 | BA66: 0.30000001 | BB66: 0 | BC66: 2.76 | BD66: 0.30000001 | BE66: 0.90196078 | BF66: 0.09803922 | BG66: 150 | BH66: 0 | BI66: 0 | BJ66: 0 | BK66: 0 | BL66: 1 | BM66: 3 | BN66: 2023 | BO66: 1 | BP66: 1 | BQ66: 3 | BR66: 2023 | BS66: 2 | BT66: 1 | BU66: 3 | BV66: 2023 | BW66: 3 | BX66: 1 | BY66: 1 | BZ66: 1 | CA66: 0 | CB66: 0 | CC66: 1 | CD66: 1 | CE66: 1 | CF66: 0 | CG66: 0 | CH66: 0 | CI66: 0 | CJ66: 1 | CK66: 0 | CL66: 0 | CM66: 0 | CN66: 0 | CO66: 0 | CP66: 0 | CQ66: 0 | CR66: 0
A67: 66 | B67: 033 | C67: DI. Panjaitan - Loklua | D67: di panjaitan – loklua | E67: Baluti, Tibung Raya | F67: Kandangan | G67: 2 | H67: 1 | I67: 2315 | J67: 0 | K67: 1 | L67: 454.9 | M67: 605 | N67: 1552.9 | O67: 35.3 | P67: 745.4 | Q67: 0 | R67: 0 | S67: 0 | T67: 0 | U67: 0 | V67: 0.41 | W67: 4.5 | X67: 0.41 | Y67: 0 | Z67: 0 | AA67: 0 | AB67: 0 | AC67: 0.41 | AD67: 0 | AE67: 0 | AF67: 0 | AG67: 1 | AH67: 0.41 | AI67: 4.5 | AJ67: 0.41 | AK67: 0 | AL67: 0 | AM67: 0 | AN67: 0 | AO67: 0 | AP67: 0.41 | AQ67: 0 | AR67: 0 | AS67: 1 | AT67: 0.41 | AU67: 0 | AV67: 0 | AW67: 0.41 | AX67: 0 | AY67: 0 | AZ67: 0.41 | BA67: 0 | BB67: 0 | BC67: 0.41 | BD67: 0 | BE67: 1 | BF67: 0 | BG67: 150 | BH67: 0 | BI67: 0.41 | BJ67: 0 | BK67: 0 | BL67: 0 | BM67: 0 | BP67: 0 | BQ67: 0 | BT67: 0 | BU67: 0 | BX67: 0 | BY67: 0 | BZ67: 0 | CA67: 0 | CB67: 0 | CC67: 0 | CD67: 0 | CE67: 0 | CF67: 0 | CG67: 0 | CH67: 0 | CI67: 0 | CJ67: 0 | CK67: 0 | CL67: 0 | CM67: 0 | CN67: 0 | CO67: 0 | CP67: 0 | CQ67: 0 | CR67: 0
A68: 67 | B68: 236 | C68: Ds. Kapuh Tengah (Menuju Majelis Talim) | D68: desa kapuh tengah menuju majelis talim | E68: Kapuh, Wasah Tengah | F68: Simpur | G68: 2 | H68: 1 | I68: 1247 | J68: 0 | K68: 0 | L68: 3193.6 | M68: 3103.3 | N68: 3164 | O68: 689.4 | P68: 4562.7 | Q68: 0 | R68: 0 | S68: 0 | T68: 0 | U68: 0 | V68: 0.6 | W68: 3.5 | X68: 0.6 | Y68: 0 | Z68: 0 | AA68: 0 | AB68: 0 | AC68: 0 | AD68: 0 | AE68: 0.6 | AF68: 0 | AG68: 0 | AH68: 0.6 | AI68: 3.5 | AJ68: 0.6 | AK68: 0 | AL68: 0 | AM68: 0 | AN68: 0 | AO68: 0.6 | AP68: 0 | AQ68: 0 | AR68: 0 | AS68: 1 | AT68: 0.6 | AU68: 0 | AV68: 0 | AW68: 0.60000002 | AX68: 0 | AY68: 0.60000002 | AZ68: 0 | BA68: 0 | BB68: 0 | BC68: 0.60000002 | BD68: 0 | BE68: 1 | BF68: 0 | BG68: 150 | BH68: 0.60000002 | BI68: 0 | BJ68: 0 | BK68: 0 | BL68: 0 | BM68: 0 | BP68: 0 | BQ68: 0 | BT68: 0 | BU68: 0 | BX68: 0 | BY68: 0 | BZ68: 0 | CA68: 0 | CB68: 0 | CC68: 0 | CD68: 0 | CE68: 0 | CF68: 0 | CG68: 0 | CH68: 0 | CI68: 0 | CJ68: 0 | CK68: 0 | CL68: 0 | CM68: 0 | CN68: 0 | CO68: 0 | CP68: 0 | CQ68: 0 | CR68: 0
A69: 68 | B69: 239 | C69: Firdaus - Ds. Kapuh | D69: firdaus – desa kapuh | E69: Kapuh | F69: Simpur | G69: 1 | H69: 1 | I69: 682 | J69: 0 | K69: 0 | L69: 2954.7 | M69: 2864.4 | N69: 3525 | O69: 916.8 | P69: 4923.6 | Q69: 0 | R69: 0 | S69: 0 | T69: 0 | U69: 0 | V69: 0.3 | W69: 3 | X69: 0.3 | Y69: 0 | Z69: 0 | AA69: 0 | AB69: 0 | AC69: 0.3 | AD69: 0 | AE69: 0 | AF69: 0 | AG69: 1 | AH69: 0.3 | AI69: 3 | AJ69: 0.3 | AK69: 0 | AL69: 0 | AM69: 0 | AN69: 0 | AO69: 0.3 | AP69: 0 | AQ69: 0 | AR69: 0 | AS69: 1 | AT69: 0.3 | AU69: 0 | AV69: 0 | AW69: 0.30000001 | AX69: 0 | AY69: 0 | AZ69: 0.1 | BA69: 0.2 | BB69: 0 | BC69: 0.1 | BD69: 0.2 | BE69: 0.33333333 | BF69: 0.66666667 | BG69: 150 | BH69: 0 | BI69: 0.1 | BJ69: 0.2 | BK69: 0 | BL69: 0 | BM69: 0 | BP69: 0 | BQ69: 0 | BT69: 0 | BU69: 0 | BX69: 0 | BY69: 0 | BZ69: 0 | CA69: 0 | CB69: 0 | CC69: 0 | CD69: 0 | CE69: 0 | CF69: 0 | CG69: 0 | CH69: 0 | CI69: 0 | CJ69: 0 | CK69: 0 | CL69: 0 | CM69: 0 | CN69: 0 | CO69: 0 | CP69: 0 | CQ69: 0 | CR69: 0
A70: 69 | B70: 162 | C70: Galuntang Tayub - Ds. Madang | D70: galuntang tayub – desa madang | E70: Madang | F70: Padang Batung | G70: 1 | H70: 1 | I70: 448 | J70: 0 | K70: 0 | L70: 7191.3 | M70: 7765.4 | N70: 11936 | O70: 1270.6 | P70: 10334.7 | Q70: 0 | R70: 0 | S70: 0 | T70: 0 | U70: 0 | V70: 2.36 | W70: 3 | X70: 0 | Y70: 0 | Z70: 0 | AA70: 2.36 | AB70: 0 | AC70: 0 | AD70: 0 | AE70: 0 | AF70: 2.36 | AG70: 0 | AH70: 2.36 | AI70: 3.5 | AJ70: 2.36 | AK70: 0 | AL70: 0 | AM70: 0 | AN70: 0 | AO70: 2.36 | AP70: 0 | AQ70: 0 | AR70: 0 | AS70: 1 | AT70: 2.36 | AU70: 0 | AV70: 0 | AW70: 2.3599999 | AX70: 0 | AY70: 2.0599999 | AZ70: 0.30000001 | BA70: 0 | BB70: 0 | BC70: 2.36 | BD70: 0 | BE70: 1 | BF70: 0 | BG70: 150 | BH70: 2.0599999 | BI70: 0.30000001 | BJ70: 0 | BK70: 0 | BL70: 0 | BM70: 0 | BP70: 0 | BQ70: 0 | BT70: 0 | BU70: 0 | BX70: 0 | BY70: 0 | BZ70: 0 | CA70: 0 | CB70: 0 | CC70: 0 | CD70: 0 | CE70: 0 | CF70: 0 | CG70: 0 | CH70: 0 | CI70: 0 | CJ70: 0 | CK70: 0 | CL70: 0 | CM70: 0 | CN70: 0 | CO70: 0 | CP70: 0 | CQ70: 0 | CR70: 0
A71: 70 | B71: 052 | C71: Gambah Dalam - Rantauan | D71: gambah dalam – rantauan | E71: Gambah Dalam, Gambah Luar | F71: Kandangan | G71: 2 | H71: 1 | I71: 1348 | J71: 1 | L71: 3498.6 | M71: 2163.2 | N71: 6008.8 | O71: 845 | P71: 4145.9 | Q71: 0 | R71: 0 | S71: 0 | T71: 0 | U71: 0 | V71: 1.52 | W71: 3 | X71: 1.52 | Y71: 0 | Z71: 0 | AA71: 0 | AB71: 0 | AC71: 0 | AD71: 1.52 | AE71: 0 | AF71: 0 | AG71: 1 | AH71: 1.52 | AI71: 3 | AJ71: 1.52 | AK71: 0 | AL71: 0 | AM71: 0 | AN71: 0 | AO71: 0 | AP71: 1 | AQ71: 0.52 | AR71: 0 | AS71: 0.65789474 | AT71: 1.52 | AU71: 0 | AV71: 0 | AW71: 1.52 | AX71: 0 | AY71: 0 | AZ71: 1.02 | BA71: 0.5 | BB71: 0 | BC71: 1.02 | BD71: 0.5 | BE71: 0.67105263 | BF71: 0.32894737 | BG71: 150 | BH71: 0 | BI71: 1.02 | BJ71: 0.5 | BK71: 0 | BL71: 1 | BM71: 1 | BN71: 2023 | BO71: 1 | BP71: 1 | BQ71: 1 | BR71: 2023 | BS71: 2 | BT71: 1 | BU71: 1 | BV71: 2023 | BW71: 3 | BX71: 0 | BY71: 0 | BZ71: 1 | CA71: 0 | CB71: 0 | CC71: 0 | CD71: 0 | CE71: 1 | CF71: 0 | CG71: 0 | CH71: 0 | CI71: 0 | CJ71: 0 | CK71: 0 | CL71: 0 | CM71: 0 | CN71: 0 | CO71: 0 | CP71: 0 | CQ71: 0 | CR71: 0
A72: 71 | B72: 076 | C72: Gambah Dalam Barat - Mahulung | D72: gambah dalam barat – mahulung | E72: Gambah Dalam Barat, Taniran Selatan | F72: Angkinang, Kandangan | G72: 2 | H72: 2 | I72: 1084 | J72: 1 | K72: 0 | L72: 5501 | M72: 4435 | N72: 7855.4 | O72: 1269.8 | P72: 5992.5 | Q72: 0 | R72: 0 | S72: 0 | T72: 0 | U72: 0 | V72: 1.92 | W72: 3 | X72: 1.92 | Y72: 0 | Z72: 0 | AA72: 0 | AB72: 0 | AC72: 1.92 | AD72: 0 | AE72: 0 | AF72: 0 | AG72: 1 | AH72: 1.92 | AI72: 3 | AJ72: 1.92 | AK72: 0 | AL72: 0 | AM72: 0 | AN72: 0 | AO72: 1.12 | AP72: 0.8 | AQ72: 0 | AR72: 0 | AS72: 1 | AT72: 1.92 | AU72: 0 | AV72: 0 | AW72: 1.92 | AX72: 0 | AY72: 0.12 | AZ72: 1.8 | BA72: 0 | BB72: 0 | BC72: 1.9199999 | BD72: 0 | BE72: 1 | BF72: 0 | BG72: 150 | BH72: 0.12 | BI72: 1.8 | BJ72: 0 | BK72: 0 | BL72: 0 | BM72: 0 | BP72: 0 | BQ72: 0 | BT72: 0 | BU72: 0 | BX72: 0 | BY72: 0 | BZ72: 0 | CA72: 0 | CB72: 0 | CC72: 0 | CD72: 0 | CE72: 0 | CF72: 0 | CG72: 0 | CH72: 0 | CI72: 0 | CJ72: 0 | CK72: 0 | CL72: 0 | CM72: 0 | CN72: 0 | CO72: 0 | CP72: 0 | CQ72: 0 | CR72: 0
A73: 72 | B73: 053 | C73: Gambah Luar - Gambah Dalam | D73: gambah luar – gambah dalam | E73: Gambah Dalam, Gambah Luar Muka | F73: Kandangan | G73: 2 | H73: 1 | I73: 1637 | J73: 1 | K73: 1 | L73: 3537.8 | M73: 2014.8 | N73: 5299.5 | O73: 697.1 | P73: 3436.6 | Q73: 0 | R73: 0 | S73: 0 | T73: 0 | U73: 0 | V73: 1.29 | W73: 3 | X73: 1.29 | Y73: 0 | Z73: 0 | AA73: 0 | AB73: 0 | AC73: 1.29 | AD73: 0 | AE73: 0 | AF73: 0 | AG73: 1 | AH73: 1.29 | AI73: 3 | AJ73: 1.29 | AK73: 0 | AL73: 0 | AM73: 0 | AN73: 0 | AO73: 0 | AP73: 1.29 | AQ73: 0 | AR73: 0 | AS73: 1 | AT73: 1.29 | AU73: 0 | AV73: 0 | AW73: 1.29 | AX73: 0 | AY73: 0 | AZ73: 0.99000001 | BA73: 0.30000001 | BB73: 0 | BC73: 0.99000001 | BD73: 0.30000001 | BE73: 0.76744186 | BF73: 0.23255814 | BG73: 150 | BH73: 0 | BI73: 0.99000001 | BJ73: 0.30000001 | BK73: 0 | BL73: 0 | BM73: 0 | BP73: 0 | BQ73: 0 | BT73: 0 | BU73: 0 | BX73: 0 | BY73: 0 | BZ73: 0 | CA73: 0 | CB73: 0 | CC73: 0 | CD73: 0 | CE73: 0 | CF73: 0 | CG73: 0 | CH73: 0 | CI73: 0 | CJ73: 0 | CK73: 0 | CL73: 0 | CM73: 0 | CN73: 0 | CO73: 0 | CP73: 0 | CQ73: 0 | CR73: 0
A74: 73 | B74: 055 | C74: Gambah Luar - Sungai Kudung | D74: gambah luar – sei kudung | E74: Gambah Luar Muka | F74: Kandangan | G74: 1 | H74: 1 | I74: 775 | J74: 0 | K74: 1 | L74: 2824.3 | M74: 1429.3 | N74: 4911 | O74: 113.6 | P74: 3048.1 | Q74: 0 | R74: 0 | S74: 0 | T74: 0 | U74: 0 | V74: 0.89 | W74: 3.5 | X74: 0.89 | Y74: 0 | Z74: 0 | AA74: 0 | AB74: 0 | AC74: 0 | AD74: 0.89 | AE74: 0 | AF74: 0 | AG74: 1 | AH74: 0.89 | AI74: 3.5 | AJ74: 0.89 | AK74: 0 | AL74: 0 | AM74: 0 | AN74: 0 | AO74: 0 | AP74: 0.69 | AQ74: 0.2 | AR74: 0 | AS74: 0.7752809 | AT74: 0.89 | AU74: 0 | AV74: 0 | AW74: 0.88999999 | AX74: 0 | AY74: 0 | AZ74: 0.38999999 | BA74: 0.40000001 | BB74: 0.1 | BC74: 0.38999999 | BD74: 0.50000001 | BE74: 0.43820223 | BF74: 0.56179777 | BG74: 150 | BH74: 0 | BI74: 0.38999999 | BJ74: 0.40000001 | BK74: 0.1 | BL74: 1 | BM74: 1 | BN74: 2023 | BO74: 1 | BP74: 1 | BQ74: 1 | BR74: 2023 | BS74: 2 | BT74: 1 | BU74: 1 | BV74: 2023 | BW74: 3 | BX74: 0 | BY74: 0 | BZ74: 1 | CA74: 0 | CB74: 0 | CC74: 0 | CD74: 0 | CE74: 1 | CF74: 0 | CG74: 0 | CH74: 0 | CI74: 0 | CJ74: 0 | CK74: 0 | CL74: 0 | CM74: 0 | CN74: 0 | CO74: 0 | CP74: 0 | CQ74: 0 | CR74: 0
A75: 74 | B75: 045 | C75: Gambir - Sp. Empat Lungau | D75: gambir – sp empat lungau | E75: Amawang Kiri, Lungau | F75: Kandangan | G75: 2 | H75: 1 | I75: 1503 | J75: 0 | K75: 0 | L75: 6491.8 | M75: 5365.4 | N75: 7507 | O75: 1638.9 | P75: 6173.5 | Q75: 0 | R75: 0 | S75: 0 | T75: 0 | U75: 0 | V75: 2.95 | W75: 3 | X75: 1.6 | Y75: 0 | Z75: 0 | AA75: 0 | AB75: 1.35 | AC75: 1.5 | AD75: 0 | AE75: 0 | AF75: 1.45 | AG75: 0.50847458 | AH75: 2.95 | AI75: 3 | AJ75: 1.5 | AK75: 0 | AL75: 0 | AM75: 0.7 | AN75: 0.75 | AO75: 0 | AP75: 1.5 | AQ75: 0 | AR75: 1.45 | AS75: 0.50847458 | AT75: 2.95 | AU75: 0 | AV75: 0 | AW75: 1.5 | AX75: 0 | AY75: 0 | AZ75: 1.5 | BA75: 0 | BB75: 0 | BC75: 1.5 | BD75: 0 | BE75: 1 | BF75: 0 | BG75: 150 | BH75: 0 | BI75: 1.5 | BJ75: 0 | BK75: 0 | BL75: 1 | BM75: 1 | BN75: 2023 | BO75: 1 | BP75: 1 | BQ75: 1 | BR75: 2023 | BS75: 2 | BT75: 1 | BU75: 1 | BV75: 2023 | BW75: 3 | BX75: 0 | BY75: 0 | BZ75: 1 | CA75: 0 | CB75: 0 | CC75: 0 | CD75: 0 | CE75: 1 | CF75: 0 | CG75: 0 | CH75: 0 | CI75: 0 | CJ75: 0 | CK75: 0 | CL75: 0 | CM75: 0 | CN75: 0 | CO75: 0 | CP75: 0 | CQ75: 0 | CR75: 0
A76: 75 | B76: 330 | C76: Gang Bidan (Ds. Tambak Bitin) | D76: gang bidan desa tambak bitin | E76: Panggandingan, Tambak Bitin | F76: Daha Utara | G76: 2 | H76: 1 | I76: 1172 | J76: 0 | K76: 0 | L76: 1245.2 | M76: 609.9 | N76: 2464.1 | O76: 629.9 | P76: 29077.2 | Q76: 0 | R76: 0 | S76: 0 | T76: 0 | U76: 0 | V76: 0.57 | W76: 3 | X76: 0 | Y76: 0 | Z76: 0.1 | AA76: 0.47 | AB76: 0 | AC76: 0 | AD76: 0.1 | AE76: 0 | AF76: 0.47 | AG76: 0.1754386 | AH76: 0.57 | AI76: 3 | AJ76: 0 | AK76: 0 | AL76: 0.1 | AM76: 0.47 | AN76: 0 | AO76: 0 | AP76: 0.1 | AQ76: 0 | AR76: 0.47 | AS76: 0.1754386 | AT76: 0.57 | AU76: 0.37 | AV76: 0.2 | AW76: 0 | AX76: 0 | AY76: 0.56999999 | AZ76: 0 | BA76: 0 | BB76: 0 | BC76: 0.56999999 | BD76: 0 | BE76: 1 | BF76: 0 | BG76: 150 | BH76: 0 | BI76: 0 | BJ76: 0 | BK76: 0 | BL76: 1 | BM76: 3 | BN76: 2023 | BO76: 1 | BP76: 1 | BQ76: 4 | BR76: 2024 | BS76: 1 | BT76: 1 | BU76: 5 | BV76: 2025 | BW76: 1 | BX76: 1 | BY76: 1 | BZ76: 1 | CA76: 1 | CB76: 1 | CC76: 1 | CD76: 1 | CE76: 1 | CF76: 0 | CG76: 0 | CH76: 0 | CI76: 0 | CJ76: 0 | CK76: 1 | CL76: 1 | CM76: 0 | CN76: 0 | CO76: 0 | CP76: 0 | CQ76: 0 | CR76: 0
A77: 76 | B77: 220 | C77: Garunggang - Hantamangu | D77: garunggang – hantamangu | E77: Garunggang | F77: Simpur | G77: 1 | H77: 1 | I77: 313 | J77: 0 | K77: 0 | L77: 1860.7 | M77: 2224.4 | N77: 7617.1 | O77: 1155.9 | P77: 8996.6 | Q77: 0 | R77: 0 | S77: 0 | T77: 0 | U77: 0 | V77: 1.16 | W77: 3 | X77: 1.1 | Y77: 0 | Z77: 0 | AA77: 0 | AB77: 0.06 | AC77: 0 | AD77: 0.9 | AE77: 0.2 | AF77: 0.06 | AG77: 0.77586207 | AH77: 1.16 | AI77: 3 | AJ77: 1 | AK77: 0 | AL77: 0 | AM77: 0 | AN77: 0.16 | AO77: 0 | AP77: 0.8 | AQ77: 0.2 | AR77: 0.16 | AS77: 0.68965517 | AT77: 1.16 | AU77: 0 | AV77: 0 | AW77: 1 | AX77: 0 | AY77: 0 | AZ77: 0.80000001 | BA77: 0.2 | BB77: 0 | BC77: 0.80000001 | BD77: 0.2 | BE77: 0.8 | BF77: 0.2 | BG77: 150 | BH77: 0 | BI77: 0.80000001 | BJ77: 0.2 | BK77: 0 | BL77: 1 | BM77: 3 | BN77: 2023 | BO77: 1 | BP77: 1 | BQ77: 3 | BR77: 2023 | BS77: 2 | BT77: 1 | BU77: 3 | BV77: 2023 | BW77: 3 | BX77: 1 | BY77: 1 | BZ77: 1 | CA77: 0 | CB77: 0 | CC77: 1 | CD77: 1 | CE77: 1 | CF77: 0 | CG77: 0 | CH77: 0 | CI77: 0 | CJ77: 0 | CK77: 0 | CL77: 0 | CM77: 0 | CN77: 0 | CO77: 0 | CP77: 0 | CQ77: 0 | CR77: 0
A78: 77 | B78: 232 | C78: Gerilya - Ds. Simpur | D78: gerilya – desa simpur | E78: Simpur, Tebing Tinggi | F78: Simpur | G78: 2 | H78: 1 | I78: 827 | J78: 0 | K78: 1 | L78: 2082.5 | M78: 1257.4 | N78: 7886 | O78: 568.8 | P78: 9265.5 | Q78: 0 | R78: 0 | S78: 0 | T78: 0 | U78: 0 | V78: 0.52 | W78: 3 | X78: 0.52 | Y78: 0 | Z78: 0 | AA78: 0 | AB78: 0 | AC78: 0.52 | AD78: 0 | AE78: 0 | AF78: 0 | AG78: 1 | AH78: 0.52 | AI78: 3 | AJ78: 0.52 | AK78: 0 | AL78: 0 | AM78: 0 | AN78: 0 | AO78: 0.52 | AP78: 0 | AQ78: 0 | AR78: 0 | AS78: 1 | AT78: 0.52 | AU78: 0 | AV78: 0 | AW78: 0.51999998 | AX78: 0 | AY78: 0.41999999 | AZ78: 0.1 | BA78: 0 | BB78: 0 | BC78: 0.51999999 | BD78: 0 | BE78: 1 | BF78: 0 | BG78: 150 | BH78: 0.41999999 | BI78: 0.1 | BJ78: 0 | BK78: 0 | BL78: 0 | BM78: 0 | BP78: 0 | BQ78: 0 | BT78: 0 | BU78: 0 | BX78: 0 | BY78: 0 | BZ78: 0 | CA78: 0 | CB78: 0 | CC78: 0 | CD78: 0 | CE78: 0 | CF78: 0 | CG78: 0 | CH78: 0 | CI78: 0 | CJ78: 0 | CK78: 0 | CL78: 0 | CM78: 0 | CN78: 0 | CO78: 0 | CP78: 0 | CQ78: 0 | CR78: 0
A79: 78 | B79: 297 | C79: Gerilya / (Depan PUSTU Habirau) | D79: gerilya depan pustu habirau | E79: Habirau | F79: Daha Selatan | G79: 1 | H79: 1 | I79: 771 | J79: 0 | K79: 0 | L79: 2087.4 | M79: 657.1 | N79: 3045.9 | O79: 341.5 | P79: 29659 | Q79: 0 | R79: 0 | S79: 0 | T79: 0 | U79: 0 | V79: 0.24 | W79: 3.5 | X79: 0.24 | Y79: 0 | Z79: 0 | AA79: 0 | AB79: 0 | AC79: 0 | AD79: 0 | AE79: 0 | AF79: 0.24 | AG79: 0 | AH79: 0.24 | AI79: 3.5 | AJ79: 0.24 | AK79: 0 | AL79: 0 | AM79: 0 | AN79: 0 | AO79: 0 | AP79: 0 | AQ79: 0 | AR79: 0.24 | AS79: 0 | AT79: 0.24 | AU79: 0 | AV79: 0 | AW79: 0.23999999 | AX79: 0 | AY79: 0 | AZ79: 0 | BA79: 0 | BB79: 0.23999999 | BC79: 0 | BD79: 0.23999999 | BE79: 0 | BF79: 1 | BG79: 150 | BH79: 0 | BI79: 0 | BJ79: 0 | BK79: 0.23999999 | BL79: 0 | BM79: 0 | BP79: 0 | BQ79: 0 | BT79: 0 | BU79: 0 | BX79: 0 | BY79: 0 | BZ79: 0 | CA79: 0 | CB79: 0 | CC79: 0 | CD79: 0 | CE79: 0 | CF79: 0 | CG79: 0 | CH79: 0 | CI79: 0 | CJ79: 0 | CK79: 0 | CL79: 0 | CM79: 1 | CN79: 0 | CO79: 0 | CP79: 0 | CQ79: 1 | CR79: 0
A80: 79 | B80: 344 | C80: Goha - Ds. Amawang Kanan | D80: goha – desa amawang kanan | E80: Amawang Kanan | F80: Kandangan | G80: 1 | H80: 1 | I80: 630 | J80: 0 | K80: 0 | L80: 2508.7 | M80: 2658.7 | N80: 2185.2 | O80: 1236.8 | P80: 2363.7 | Q80: 0 | R80: 0 | S80: 0 | T80: 0 | U80: 0 | V80: 0.7 | W80: 3.5 | X80: 0 | Y80: 0 | Z80: 0 | AA80: 0.7 | AB80: 0 | AC80: 0 | AD80: 0 | AE80: 0 | AF80: 0.7 | AG80: 0 | AH80: 0.7 | AI80: 3.5 | AJ80: 0.7 | AK80: 0 | AL80: 0 | AM80: 0 | AN80: 0 | AO80: 0.7 | AP80: 0 | AQ80: 0 | AR80: 0 | AS80: 1 | AT80: 0.7 | AU80: 0 | AV80: 0 | AW80: 0.69999999 | AX80: 0 | AY80: 0.69999999 | AZ80: 0 | BA80: 0 | BB80: 0 | BC80: 0.69999999 | BD80: 0 | BE80: 1 | BF80: 0 | BG80: 150 | BH80: 0.69999999 | BI80: 0 | BJ80: 0 | BK80: 0 | BL80: 0 | BM80: 0 | BP80: 1 | BQ80: 1 | BR80: 2024 | BS80: 1 | BT80: 1 | BU80: 1 | BV80: 2024 | BW80: 2 | BX80: 0 | BY80: 0 | BZ80: 0 | CA80: 1 | CB80: 0 | CC80: 0 | CD80: 0 | CE80: 0 | CF80: 0 | CG80: 0 | CH80: 0 | CI80: 0 | CJ80: 0 | CK80: 1 | CL80: 0 | CM80: 0 | CN80: 0 | CO80: 0 | CP80: 0 | CQ80: 0 | CR80: 0
A81: 80 | B81: 196 | C81: Gumbil - Masimpan | D81: gumbil – masimpan | E81: Gumbil, Mandala | F81: Telaga Langsat | G81: 2 | H81: 1 | I81: 1110 | J81: 0 | K81: 0 | L81: 8342.9 | M81: 2875.1 | N81: 16421.6 | O81: 404.8 | P81: 14820.3 | Q81: 0 | R81: 0 | S81: 0 | T81: 0 | U81: 0 | V81: 5 | W81: 3 | X81: 5 | Y81: 0 | Z81: 0 | AA81: 0 | AB81: 0 | AC81: 5 | AD81: 0 | AE81: 0 | AF81: 0 | AG81: 1 | AH81: 5 | AI81: 3 | AJ81: 5 | AK81: 0 | AL81: 0 | AM81: 0 | AN81: 0 | AO81: 0 | AP81: 5 | AQ81: 0 | AR81: 0 | AS81: 1 | AT81: 5 | AU81: 0 | AV81: 0 | AW81: 5 | AX81: 0 | AY81: 0 | AZ81: 3.8 | BA81: 1.1 | BB81: 0.1 | BC81: 3.8 | BD81: 1.2 | BE81: 0.75999999 | BF81: 0.24000001 | BG81: 150 | BH81: 0 | BI81: 3.8 | BJ81: 1.1 | BK81: 0.1 | BL81: 1 | BM81: 1 | BN81: 2023 | BO81: 1 | BP81: 1 | BQ81: 2 | BR81: 2024 | BS81: 1 | BT81: 1 | BU81: 3 | BV81: 2025 | BW81: 1 | BX81: 0 | BY81: 0 | BZ81: 1 | CA81: 1 | CB81: 1 | CC81: 0 | CD81: 0 | CE81: 1 | CF81: 1 | CG81: 1 | CH81: 0 | CI81: 0 | CJ81: 0 | CK81: 0 | CL81: 0 | CM81: 0 | CN81: 0 | CO81: 0 | CP81: 0 | CQ81: 0 | CR81: 0
A82: 81 | B82: 226 | C82: Guru H. Izim - Ds. Pantai Ulin | D82: guru h izim – desa pantai ulin | E82: Panjampang Bahagia, Pantai Ulin, Ulin | F82: Simpur | G82: 3 | H82: 1 | I82: 1775 | J82: 0 | K82: 0 | L82: 4802.4 | M82: 2469.6 | N82: 6511.4 | O82: 1016.5 | P82: 6676 | Q82: 0 | R82: 0 | S82: 0 | T82: 0 | U82: 0 | V82: 0.62 | W82: 3 | X82: 0.62 | Y82: 0 | Z82: 0 | AA82: 0 | AB82: 0 | AC82: 0 | AD82: 0 | AE82: 0 | AF82: 0.62 | AG82: 0 | AH82: 0.62 | AI82: 3 | AJ82: 0 | AK82: 0 | AL82: 0 | AM82: 0.62 | AN82: 0 | AO82: 0 | AP82: 0 | AQ82: 0 | AR82: 0.62 | AS82: 0 | AT82: 0.62 | AU82: 0 | AV82: 0 | AW82: 0 | AX82: 0 | AY82: 0 | AZ82: 0 | BA82: 0 | BB82: 0 | BC82: 0 | BD82: 0 | BE82: 0 | BF82: 0 | BG82: 150 | BH82: 0 | BI82: 0 | BJ82: 0 | BK82: 0 | BL82: 0 | BM82: 0 | BP82: 0 | BQ82: 0 | BT82: 0 | BU82: 0 | BX82: 0 | BY82: 0 | BZ82: 0 | CA82: 0 | CB82: 0 | CC82: 0 | CD82: 0 | CE82: 0 | CF82: 0 | CG82: 0 | CH82: 0 | CI82: 0 | CJ82: 0 | CK82: 0 | CL82: 0 | CM82: 0 | CN82: 0 | CO82: 0 | CP82: 0 | CQ82: 0 | CR82: 0
A83: 82 | B83: 074 | C83: H. Jarkasi - Ds. Sungai Paring | D83: h jarkasi – desa sei paring | E83: Sungai Paring | F83: Kandangan | G83: 1 | H83: 1 | I83: 576 | J83: 0 | K83: 1 | L83: 2541.1 | M83: 2421.3 | N83: 2900.2 | O83: 285.2 | P83: 2396.2 | Q83: 0 | R83: 0 | S83: 0 | T83: 0 | U83: 0 | V83: 0.12 | W83: 3 | X83: 0.12 | Y83: 0 | Z83: 0 | AA83: 0 | AB83: 0 | AC83: 0.12 | AD83: 0 | AE83: 0 | AF83: 0 | AG83: 1 | AH83: 0.12 | AI83: 3 | AJ83: 0.12 | AK83: 0 | AL83: 0 | AM83: 0 | AN83: 0 | AO83: 0 | AP83: 0.12 | AQ83: 0 | AR83: 0 | AS83: 1 | AT83: 0.12 | AU83: 0 | AV83: 0 | AW83: 0.12 | AX83: 0 | AY83: 0 | AZ83: 0.1 | BA83: 0.02 | BB83: 0 | BC83: 0.1 | BD83: 0.02 | BE83: 0.83333334 | BF83: 0.16666666 | BG83: 150 | BH83: 0 | BI83: 0.1 | BJ83: 0.02 | BK83: 0 | BL83: 0 | BM83: 0 | BP83: 0 | BQ83: 0 | BT83: 0 | BU83: 0 | BX83: 0 | BY83: 0 | BZ83: 0 | CA83: 0 | CB83: 0 | CC83: 0 | CD83: 0 | CE83: 0 | CF83: 0 | CG83: 0 | CH83: 0 | CI83: 0 | CJ83: 0 | CK83: 0 | CL83: 0 | CM83: 0 | CN83: 0 | CO83: 0 | CP83: 0 | CQ83: 0 | CR83: 0
A84: 83 | B84: 230 | C84: H. Saim Garunggang - Kalimput | D84: h saim garunggang – kalimput | E84: Garunggang | F84: Simpur | G84: 1 | H84: 1 | I84: 313 | J84: 0 | K84: 0 | L84: 2110.9 | M84: 1506.2 | N84: 7867.3 | O84: 817.5 | P84: 9246.8 | Q84: 0 | R84: 0 | S84: 0 | T84: 0 | U84: 0 | V84: 0.71 | W84: 3 | X84: 0.71 | Y84: 0 | Z84: 0 | AA84: 0 | AB84: 0 | AC84: 0.71 | AD84: 0 | AE84: 0 | AF84: 0 | AG84: 1 | AH84: 0.71 | AI84: 3 | AJ84: 0.71 | AK84: 0 | AL84: 0 | AM84: 0 | AN84: 0 | AO84: 0.71 | AP84: 0 | AQ84: 0 | AR84: 0 | AS84: 1 | AT84: 0.71 | AU84: 0 | AV84: 0 | AW84: 0.70999998 | AX84: 0 | AY84: 0.61000001 | AZ84: 0.1 | BA84: 0 | BB84: 0 | BC84: 0.71000002 | BD84: 0 | BE84: 1 | BF84: 0 | BG84: 150 | BH84: 0.61000001 | BI84: 0.1 | BJ84: 0 | BK84: 0 | BL84: 0 | BM84: 0 | BP84: 0 | BQ84: 0 | BT84: 0 | BU84: 0 | BX84: 0 | BY84: 0 | BZ84: 0 | CA84: 0 | CB84: 0 | CC84: 0 | CD84: 0 | CE84: 0 | CF84: 0 | CG84: 0 | CH84: 0 | CI84: 0 | CJ84: 0 | CK84: 0 | CL84: 0 | CM84: 0 | CN84: 0 | CO84: 0 | CP84: 0 | CQ84: 0 | CR84: 0
A85: 84 | B85: 314 | C85: H.M. Thaib | D85: h m thaib | E85: Baruh Kembang | F85: Daha Utara | G85: 1 | H85: 1 | I85: 870 | J85: 1 | K85: 0 | L85: 2175.7 | M85: 1937.1 | N85: 3394.6 | O85: 0 | P85: 30007.7 | Q85: 0 | R85: 0 | S85: 0 | T85: 0 | U85: 0 | V85: 0.35 | W85: 3 | X85: 0.35 | Y85: 0 | Z85: 0 | AA85: 0 | AB85: 0 | AC85: 0 | AD85: 0.2 | AE85: 0.15 | AF85: 0 | AG85: 0.57142857 | AH85: 0.35 | AI85: 3 | AJ85: 0.35 | AK85: 0 | AL85: 0 | AM85: 0 | AN85: 0 | AO85: 0 | AP85: 0 | AQ85: 0.2 | AR85: 0.15 | AS85: 0 | AT85: 0.35 | AU85: 0 | AV85: 0 | AW85: 0.34999999 | AX85: 0 | AY85: 0 | AZ85: 0.15000001 | BA85: 0.1 | BB85: 0.1 | BC85: 0.15000001 | BD85: 0.2 | BE85: 0.42857143 | BF85: 0.57142857 | BG85: 150 | BH85: 0 | BI85: 0.15000001 | BJ85: 0.1 | BK85: 0.1 | BL85: 0 | BM85: 0 | BP85: 0 | BQ85: 0 | BT85: 0 | BU85: 0 | BX85: 0 | BY85: 0 | BZ85: 0 | CA85: 0 | CB85: 0 | CC85: 0 | CD85: 0 | CE85: 0 | CF85: 0 | CG85: 0 | CH85: 0 | CI85: 0 | CJ85: 0 | CK85: 0 | CL85: 0 | CM85: 0 | CN85: 0 | CO85: 0 | CP85: 0 | CQ85: 0 | CR85: 0
A86: 85 | B86: 294 | C86: Habib | D86: habib | E86: Sungai Pinang | F86: Daha Selatan | G86: 1 | H86: 1 | I86: 706 | J86: 0 | K86: 0 | L86: 1239.3 | M86: 413.9 | N86: 2322 | O86: 75.5 | P86: 28935.1 | Q86: 0 | R86: 0 | S86: 0 | T86: 0 | U86: 0 | V86: 0.32 | W86: 3 | X86: 0.32 | Y86: 0 | Z86: 0 | AA86: 0 | AB86: 0 | AC86: 0 | AD86: 0 | AE86: 0.32 | AF86: 0 | AG86: 0 | AH86: 0.32 | AI86: 3 | AJ86: 0.32 | AK86: 0 | AL86: 0 | AM86: 0 | AN86: 0 | AO86: 0 | AP86: 0 | AQ86: 0.32 | AR86: 0 | AS86: 0 | AT86: 0.32 | AU86: 0 | AV86: 0 | AW86: 0.31999999 | AX86: 0 | AY86: 0.31999999 | AZ86: 0 | BA86: 0 | BB86: 0 | BC86: 0.31999999 | BD86: 0 | BE86: 1 | BF86: 0 | BG86: 150 | BH86: 0.31999999 | BI86: 0 | BJ86: 0 | BK86: 0 | BL86: 0 | BM86: 0 | BP86: 0 | BQ86: 0 | BT86: 0 | BU86: 0 | BX86: 0 | BY86: 0 | BZ86: 0 | CA86: 0 | CB86: 0 | CC86: 0 | CD86: 0 | CE86: 0 | CF86: 0 | CG86: 0 | CH86: 0 | CI86: 0 | CJ86: 0 | CK86: 0 | CL86: 0 | CM86: 0 | CN86: 0 | CO86: 0 | CP86: 0 | CQ86: 0 | CR86: 0
A87: 86 | B87: 319 | C87: Habib Ibrahim - Ds. Sei Mandala | D87: habib ibrahim – desa sei mandala | E87: Sungai Mandala | F87: Daha Utara | G87: 1 | H87: 1 | I87: 489 | J87: 1 | K87: 0 | L87: 609.3 | M87: 370.6 | N87: 1828.1 | O87: 75 | P87: 28441.3 | Q87: 0 | R87: 0 | S87: 0 | T87: 0 | U87: 0 | V87: 0.17 | W87: 3 | X87: 0.17 | Y87: 0 | Z87: 0 | AA87: 0 | AB87: 0 | AC87: 0 | AD87: 0 | AE87: 0 | AF87: 0.17 | AG87: 0 | AH87: 0.17 | AI87: 3 | AJ87: 0.17 | AK87: 0 | AL87: 0 | AM87: 0 | AN87: 0 | AO87: 0 | AP87: 0 | AQ87: 0 | AR87: 0.17 | AS87: 0 | AT87: 0.17 | AU87: 0 | AV87: 0 | AW87: 0.17 | AX87: 0 | AY87: 0.17 | AZ87: 0 | BA87: 0 | BB87: 0 | BC87: 0.17 | BD87: 0 | BE87: 1 | BF87: 0 | BG87: 150 | BH87: 0.17 | BI87: 0 | BJ87: 0 | BK87: 0 | BL87: 0 | BM87: 0 | BP87: 0 | BQ87: 0 | BT87: 1 | BU87: 1 | BV87: 2025 | BW87: 1 | BX87: 0 | BY87: 0 | BZ87: 0 | CA87: 0 | CB87: 1 | CC87: 0 | CD87: 0 | CE87: 0 | CF87: 0 | CG87: 0 | CH87: 0 | CI87: 0 | CJ87: 0 | CK87: 0 | CL87: 1 | CM87: 0 | CN87: 0 | CO87: 0 | CP87: 0 | CQ87: 0 | CR87: 0
A88: 87 | B88: 337 | C88: Hakurung Dalam - Ds. Sungai Haji | D88: hakurung dalam – desa sei haji | E88: Hakurung | F88: Daha Utara | G88: 1 | H88: 1 | I88: 670 | J88: 0 | K88: 0 | L88: 9408.8283 | M88: 9355 | N88: 14749.7 | O88: 139.7 | P88: 41472.5 | Q88: 0 | R88: 0 | S88: 0 | T88: 0 | U88: 0 | V88: 0.57 | W88: 3 | X88: 0 | Y88: 0 | Z88: 0.57 | AA88: 0 | AB88: 0 | AC88: 0 | AD88: 0 | AE88: 0.57 | AF88: 0 | AG88: 0 | AH88: 0.57 | AI88: 3 | AJ88: 0 | AK88: 0 | AL88: 0.57 | AM88: 0 | AN88: 0 | AO88: 0 | AP88: 0.17 | AQ88: 0.2 | AR88: 0.2 | AS88: 0.29824561 | AT88: 0.57 | AU88: 0.56999999 | AV88: 0 | AW88: 0 | AX88: 0 | AY88: 0 | AZ88: 0.27000001 | BA88: 0.1 | BB88: 0.2 | BC88: 0.27000001 | BD88: 0.3 | BE88: 0.47368422 | BF88: 0.52631578 | BG88: 150 | BH88: 0 | BI88: 0 | BJ88: 0 | BK88: 0 | BL88: 0 | BM88: 0 | BP88: 0 | BQ88: 0 | BT88: 0 | BU88: 0 | BX88: 0 | BY88: 0 | BZ88: 0 | CA88: 0 | CB88: 0 | CC88: 0 | CD88: 0 | CE88: 0 | CF88: 0 | CG88: 0 | CH88: 0 | CI88: 0 | CJ88: 0 | CK88: 0 | CL88: 0 | CM88: 0 | CN88: 0 | CO88: 0 | CP88: 0 | CQ88: 0 | CR88: 0
A89: 88 | B89: 213 | C89: Halaban | D89: halaban | E89: Amparaya, Garunggang | F89: Simpur | G89: 2 | H89: 1 | I89: 903 | J89: 0 | K89: 0 | L89: 2999 | M89: 3569.4 | N89: 8755.4 | O89: 786 | P89: 9035.9 | Q89: 0 | R89: 0 | S89: 0 | T89: 0 | U89: 0 | V89: 2.12 | W89: 3.5 | X89: 1.6 | Y89: 0 | Z89: 0 | AA89: 0.52 | AB89: 0 | AC89: 0 | AD89: 0.4 | AE89: 0.6 | AF89: 1.12 | AG89: 0.18867925 | AH89: 2.12 | AI89: 3.5 | AJ89: 1.6 | AK89: 0 | AL89: 0 | AM89: 0.52 | AN89: 0 | AO89: 0 | AP89: 0 | AQ89: 0.6 | AR89: 1.52 | AS89: 0 | AT89: 2.12 | AU89: 0 | AV89: 0 | AW89: 1.6 | AX89: 0 | AY89: 0 | AZ89: 0.1 | BA89: 0.30000001 | BB89: 1.2 | BC89: 0.1 | BD89: 1.5000001 | BE89: 0.062499999 | BF89: 0.9375 | BG89: 150 | BH89: 0 | BI89: 0.1 | BJ89: 0.30000001 | BK89: 1.2 | BL89: 1 | BM89: 3 | BN89: 2023 | BO89: 1 | BP89: 1 | BQ89: 3 | BR89: 2023 | BS89: 2 | BT89: 1 | BU89: 3 | BV89: 2023 | BW89: 3 | BX89: 1 | BY89: 1 | BZ89: 1 | CA89: 0 | CB89: 0 | CC89: 1 | CD89: 1 | CE89: 1 | CF89: 0 | CG89: 0 | CH89: 0 | CI89: 0 | CJ89: 0 | CK89: 0 | CL89: 0 | CM89: 0 | CN89: 1 | CO89: 0 | CP89: 0 | CQ89: 0 | CR89: 1
A90: 89 | B90: 203 | C90: Halayung - Hantarukung | D90: halayung – hantarukung | E90: Ulin, Wasah Hilir | F90: Simpur | G90: 2 | H90: 1 | I90: 1354 | J90: 0 | K90: 0 | L90: 2693.7 | M90: 1953.7 | N90: 5995.5 | O90: 1377.9 | P90: 6160.2 | Q90: 0 | R90: 0 | S90: 0 | T90: 0 | U90: 0 | V90: 1.91 | W90: 3 | X90: 1.91 | Y90: 0 | Z90: 0 | AA90: 0 | AB90: 0 | AC90: 0 | AD90: 0 | AE90: 0.4 | AF90: 1.51 | AG90: 0 | AH90: 1.91 | AI90: 3 | AJ90: 1.91 | AK90: 0 | AL90: 0 | AM90: 0 | AN90: 0 | AO90: 1.91 | AP90: 0 | AQ90: 0 | AR90: 0 | AS90: 1 | AT90: 1.91 | AU90: 0 | AV90: 0 | AW90: 1.91 | AX90: 0 | AY90: 1.8099999 | AZ90: 0.1 | BA90: 0 | BB90: 0 | BC90: 1.9099999 | BD90: 0 | BE90: 1 | BF90: 0 | BG90: 150 | BH90: 1.8099999 | BI90: 0.1 | BJ90: 0 | BK90: 0 | BL90: 1 | BM90: 3 | BN90: 2023 | BO90: 1 | BP90: 1 | BQ90: 4 | BR90: 2024 | BS90: 1 | BT90: 1 | BU90: 4 | BV90: 2024 | BW90: 2 | BX90: 1 | BY90: 1 | BZ90: 1 | CA90: 1 | CB90: 0 | CC90: 1 | CD90: 1 | CE90: 1 | CF90: 0 | CG90: 0 | CH90: 0 | CI90: 0 | CJ90: 0 | CK90: 1 | CL90: 0 | CM90: 1 | CN90: 0 | CO90: 1 | CP90: 0 | CQ90: 0 | CR90: 0
A91: 90 | B91: 266 | C91: Halunuk - Riam Tajam/Talo - Hamak Umpaya | D91: halunuk – riam tajam talo – hamak umpaya | E91: Halunuk, Hamak Utara, Panggungan | F91: Loksado, Telaga Langsat | G91: 3 | H91: 2 | I91: 810 | J91: 0 | K91: 1 | L91: 18029.7 | M91: 13987 | N91: 20240.1 | O91: 409.1 | P91: 20142.5 | Q91: 0 | R91: 0 | S91: 0 | T91: 0 | U91: 0 | V91: 7.78 | W91: 3 | X91: 5.88 | Y91: 0 | Z91: 0 | AA91: 1.9 | AB91: 0 | AC91: 0 | AD91: 4.78 | AE91: 1.1 | AF91: 1.9 | AG91: 0.61439589 | AH91: 7.78 | AI91: 3 | AJ91: 5.88 | AK91: 0 | AL91: 0 | AM91: 0 | AN91: 1.9 | AO91: 0 | AP91: 4.58 | AQ91: 1.3 | AR91: 1.9 | AS91: 0.58868895 | AT91: 7.78 | AU91: 0 | AV91: 0 | AW91: 5.8800001 | AX91: 0 | AY91: 0 | AZ91: 4.1799998 | BA91: 0.89999998 | BB91: 0.80000001 | BC91: 4.1799998 | BD91: 1.7 | BE91: 0.71088435 | BF91: 0.28911565 | BG91: 150 | BH91: 0 | BI91: 4.1799998 | BJ91: 0.89999998 | BK91: 0.80000001 | BL91: 0 | BM91: 0 | BP91: 1 | BQ91: 1 | BR91: 2024 | BS91: 1 | BT91: 1 | BU91: 1 | BV91: 2024 | BW91: 2 | BX91: 0 | BY91: 0 | BZ91: 0 | CA91: 1 | CB91: 0 | CC91: 0 | CD91: 0 | CE91: 0 | CF91: 0 | CG91: 0 | CH91: 0 | CI91: 0 | CJ91: 0 | CK91: 1 | CL91: 0 | CM91: 0 | CN91: 1 | CO91: 0 | CP91: 0 | CQ91: 0 | CR91: 1
A92: 91 | B92: 198 | C92: Hamak - Umbai | D92: hamak – umbai | E92: Hamak | F92: Telaga Langsat | G92: 1 | H92: 1 | I92: 166 | J92: 0 | K92: 0 | L92: 23529 | M92: 19486.3 | N92: 25739.4 | O92: 2928.3 | P92: 25641.8 | Q92: 0 | R92: 0 | S92: 0 | T92: 0 | U92: 0 | V92: 0.97 | W92: 1.5 | X92: 0 | Y92: 0 | Z92: 0.97 | AA92: 0 | AB92: 0 | AC92: 0.3 | AD92: 0 | AE92: 0 | AF92: 0.67 | AG92: 0.30927835 | AH92: 0.97 | AI92: 1.5 | AJ92: 0 | AK92: 0 | AL92: 0.97 | AM92: 0 | AN92: 0 | AO92: 0.3 | AP92: 0 | AQ92: 0 | AR92: 0.67 | AS92: 0.30927835 | AT92: 0.97 | AU92: 0.87 | AV92: 0.1 | AW92: 0 | AX92: 0 | AY92: 0 | AZ92: 0.1 | BA92: 0.30000001 | BB92: 0.56999999 | BC92: 0.1 | BD92: 0.87 | BE92: 0.10309278 | BF92: 0.89690722 | BG92: 150 | BH92: 0 | BI92: 0 | BJ92: 0 | BK92: 0 | BL92: 1 | BM92: 1 | BN92: 2023 | BO92: 1 | BP92: 1 | BQ92: 1 | BR92: 2023 | BS92: 2 | BT92: 1 | BU92: 1 | BV92: 2023 | BW92: 3 | BX92: 0 | BY92: 0 | BZ92: 1 | CA92: 0 | CB92: 0 | CC92: 0 | CD92: 0 | CE92: 1 | CF92: 0 | CG92: 0 | CH92: 0 | CI92: 0 | CJ92: 0 | CK92: 0 | CL92: 0 | CM92: 0 | CN92: 0 | CO92: 0 | CP92: 0 | CQ92: 0 | CR92: 0
A93: 92 | B93: 197 | C93: Hamak Timur - Umpaya | D93: hamak timur – umpaya | E93: Hamak Timur, Hamak Utara | F93: Telaga Langsat | G93: 2 | H93: 1 | I93: 622 | J93: 0 | K93: 0 | L93: 20707.8 | M93: 16665 | N93: 22918.2 | O93: 1957.6 | P93: 22820.5 | Q93: 0 | R93: 0 | S93: 0 | T93: 0 | U93: 0 | V93: 4.19 | W93: 3 | X93: 4.19 | Y93: 0 | Z93: 0 | AA93: 0 | AB93: 0 | AC93: 0 | AD93: 2.99 | AE93: 1.2 | AF93: 0 | AG93: 0.71360382 | AH93: 4.19 | AI93: 3 | AJ93: 4.19 | AK93: 0 | AL93: 0 | AM93: 0 | AN93: 0 | AO93: 1.99 | AP93: 2.2 | AQ93: 0 | AR93: 0 | AS93: 1 | AT93: 4.19 | AU93: 0 | AV93: 0 | AW93: 4.1900001 | AX93: 0 | AY93: 0.69999999 | AZ93: 2.49 | BA93: 1 | BB93: 0 | BC93: 3.19 | BD93: 1 | BE93: 0.76133652 | BF93: 0.23866348 | BG93: 150 | BH93: 0.69999999 | BI93: 2.49 | BJ93: 1 | BK93: 0 | BL93: 0 | BM93: 0 | BP93: 1 | BQ93: 1 | BR93: 2024 | BS93: 1 | BT93: 1 | BU93: 1 | BV93: 2024 | BW93: 2 | BX93: 0 | BY93: 0 | BZ93: 0 | CA93: 1 | CB93: 0 | CC93: 0 | CD93: 0 | CE93: 0 | CF93: 1 | CG93: 0 | CH93: 0 | CI93: 0 | CJ93: 0 | CK93: 0 | CL93: 0 | CM93: 0 | CN93: 0 | CO93: 0 | CP93: 0 | CQ93: 0 | CR93: 0
A94: 93 | B94: 199 | C94: Hamak Utara - Samaragi | D94: hamak utara – samaragi | E94: Hamak Timur | F94: Telaga Langsat | G94: 1 | H94: 1 | I94: 251 | J94: 0 | K94: 0 | L94: 17179.1 | M94: 13136.4 | N94: 19389.5 | O94: 558.3 | P94: 19291.8 | Q94: 0 | R94: 0 | S94: 0 | T94: 0 | U94: 0 | V94: 0.3 | W94: 3 | X94: 0 | Y94: 0 | Z94: 0.2 | AA94: 0.1 | AB94: 0 | AC94: 0 | AD94: 0 | AE94: 0.2 | AF94: 0.1 | AG94: 0 | AH94: 0.3 | AI94: 3 | AJ94: 0 | AK94: 0 | AL94: 0.1 | AM94: 0.2 | AN94: 0 | AO94: 0 | AP94: 0 | AQ94: 0.1 | AR94: 0.2 | AS94: 0 | AT94: 0.3 | AU94: 0.2 | AV94: 0 | AW94: 0 | AX94: 0 | AY94: 0 | AZ94: 0 | BA94: 0.2 | BB94: 0 | BC94: 0 | BD94: 0.2 | BE94: 0 | BF94: 1 | BG94: 150 | BH94: 0 | BI94: 0 | BJ94: 0 | BK94: 0 | BL94: 0 | BM94: 0 | BP94: 0 | BQ94: 0 | BT94: 0 | BU94: 0 | BX94: 0 | BY94: 0 | BZ94: 0 | CA94: 0 | CB94: 0 | CC94: 0 | CD94: 0 | CE94: 0 | CF94: 0 | CG94: 0 | CH94: 0 | CI94: 0 | CJ94: 0 | CK94: 0 | CL94: 0 | CM94: 0 | CN94: 0 | CO94: 0 | CP94: 0 | CQ94: 0 | CR94: 0
A95: 94 | B95: 086 | C95: Hamalau - Anjiran | D95: hamalau – anjiran | E95: Hamalau, Telaga Bidadari | F95: Sungai Raya | G95: 2 | H95: 1 | I95: 1505 | J95: 0 | K95: 0 | L95: 2537.2 | M95: 2687.3 | N95: 910.5 | O95: 858.4 | P95: 2582.3 | Q95: 0 | R95: 0 | S95: 0 | T95: 0 | U95: 0 | V95: 0.9 | W95: 3 | X95: 0.9 | Y95: 0 | Z95: 0 | AA95: 0 | AB95: 0 | AC95: 0.5 | AD95: 0.4 | AE95: 0 | AF95: 0 | AG95: 1 | AH95: 0.9 | AI95: 3 | AJ95: 0.9 | AK95: 0 | AL95: 0 | AM95: 0 | AN95: 0 | AO95: 0 | AP95: 0.7 | AQ95: 0.2 | AR95: 0 | AS95: 0.77777778 | AT95: 0.9 | AU95: 0 | AV95: 0 | AW95: 0.89999998 | AX95: 0 | AY95: 0 | AZ95: 0.80000001 | BA95: 0.1 | BB95: 0 | BC95: 0.80000001 | BD95: 0.1 | BE95: 0.88888889 | BF95: 0.11111111 | BG95: 150 | BH95: 0 | BI95: 0.80000001 | BJ95: 0.1 | BK95: 0 | BL95: 1 | BM95: 1 | BN95: 2023 | BO95: 1 | BP95: 1 | BQ95: 2 | BR95: 2024 | BS95: 1 | BT95: 1 | BU95: 3 | BV95: 2025 | BW95: 1 | BX95: 0 | BY95: 0 | BZ95: 1 | CA95: 1 | CB95: 1 | CC95: 0 | CD95: 0 | CE95: 1 | CF95: 1 | CG95: 1 | CH95: 0 | CI95: 0 | CJ95: 0 | CK95: 0 | CL95: 0 | CM95: 0 | CN95: 1 | CO95: 0 | CP95: 0 | CQ95: 0 | CR95: 1
A96: 95 | B96: 118 | C96: Hamalau - Asam Cangkok | D96: hamalau – asam cangkok | E96: Amawang Kanan, Telaga Bidadari | F96: Kandangan, Sungai Raya | G96: 2 | H96: 2 | I96: 1298 | J96: 0 | K96: 0 | L96: 2325.9 | M96: 2475.9 | N96: 1443.4 | O96: 1418.4 | P96: 2371 | Q96: 0 | R96: 0 | S96: 0 | T96: 0 | U96: 0 | V96: 1.43 | W96: 3 | X96: 1.43 | Y96: 0 | Z96: 0 | AA96: 0 | AB96: 0 | AC96: 1.43 | AD96: 0 | AE96: 0 | AF96: 0 | AG96: 1 | AH96: 1.43 | AI96: 3 | AJ96: 1.43 | AK96: 0 | AL96: 0 | AM96: 0 | AN96: 0 | AO96: 1.23 | AP96: 0.2 | AQ96: 0 | AR96: 0 | AS96: 1 | AT96: 1.43 | AU96: 0 | AV96: 0 | AW96: 1.4299999 | AX96: 0 | AY96: 0.93000001 | AZ96: 0.5 | BA96: 0 | BB96: 0 | BC96: 1.43 | BD96: 0 | BE96: 1 | BF96: 0 | BG96: 150 | BH96: 0.93000001 | BI96: 0.5 | BJ96: 0 | BK96: 0 | BL96: 0 | BM96: 0 | BP96: 0 | BQ96: 0 | BT96: 1 | BU96: 1 | BV96: 2025 | BW96: 1 | BX96: 0 | BY96: 0 | BZ96: 0 | CA96: 0 | CB96: 1 | CC96: 0 | CD96: 0 | CE96: 0 | CF96: 0 | CG96: 1 | CH96: 0 | CI96: 0 | CJ96: 0 | CK96: 0 | CL96: 0 | CM96: 0 | CN96: 0 | CO96: 0 | CP96: 0 | CQ96: 0 | CR96: 0
A97: 96 | B97: 106 | C97: Hamalau - Ganda | D97: hamalau – ganda | E97: Baluti, Hamalau, Pahampangan | F97: Kandangan, Padang Batung, Sungai Raya | G97: 3 | H97: 3 | I97: 2554 | J97: 0 | K97: 0 | L97: 2409.4 | M97: 2559.5 | N97: 1239.3 | O97: 370.5 | P97: 2727.8 | Q97: 0 | R97: 0 | S97: 0 | T97: 0 | U97: 0 | V97: 1.17 | W97: 3.5 | X97: 1.17 | Y97: 0 | Z97: 0 | AA97: 0 | AB97: 0 | AC97: 0 | AD97: 0 | AE97: 1.17 | AF97: 0 | AG97: 0 | AH97: 1.17 | AI97: 3.5 | AJ97: 1.17 | AK97: 0 | AL97: 0 | AM97: 0 | AN97: 0 | AO97: 0 | AP97: 0.2 | AQ97: 0.97 | AR97: 0 | AS97: 0.17094017 | AT97: 1.17 | AU97: 0 | AV97: 0 | AW97: 1.17 | AX97: 0 | AY97: 0 | AZ97: 0.5 | BA97: 0.67000002 | BB97: 0 | BC97: 0.5 | BD97: 0.67000002 | BE97: 0.42735042 | BF97: 0.57264958 | BG97: 150 | BH97: 0 | BI97: 0.5 | BJ97: 0.67000002 | BK97: 0 | BL97: 1 | BM97: 1 | BN97: 2023 | BO97: 1 | BP97: 1 | BQ97: 2 | BR97: 2024 | BS97: 1 | BT97: 1 | BU97: 2 | BV97: 2024 | BW97: 2 | BX97: 0 | BY97: 0 | BZ97: 1 | CA97: 1 | CB97: 0 | CC97: 0 | CD97: 0 | CE97: 1 | CF97: 0 | CG97: 0 | CH97: 0 | CI97: 0 | CJ97: 0 | CK97: 1 | CL97: 0 | CM97: 0 | CN97: 1 | CO97: 0 | CP97: 0 | CQ97: 0 | CR97: 1
A98: 97 | B98: 098 | C98: Hamalau - Pahampangan | D98: hamalau – pahampangan | E98: Hamalau, Karasikan | F98: Sungai Raya | G98: 2 | H98: 1 | I98: 1245 | J98: 0 | K98: 1 | L98: 2781.2 | M98: 2931.3 | N98: 1637.8 | O98: 705.9 | P98: 3099.5 | Q98: 0 | R98: 0 | S98: 0 | T98: 0 | U98: 0 | V98: 0.78 | W98: 3.5 | X98: 0 | Y98: 0 | Z98: 0 | AA98: 0.78 | AB98: 0 | AC98: 0 | AD98: 0 | AE98: 0 | AF98: 0.78 | AG98: 0 | AH98: 0.78 | AI98: 3.5 | AJ98: 0.78 | AK98: 0 | AL98: 0 | AM98: 0 | AN98: 0 | AO98: 0.78 | AP98: 0 | AQ98: 0 | AR98: 0 | AS98: 1 | AT98: 0.78 | AU98: 0 | AV98: 0 | AW98: 0.77999997 | AX98: 0 | AY98: 0.77999997 | AZ98: 0 | BA98: 0 | BB98: 0 | BC98: 0.77999997 | BD98: 0 | BE98: 1 | BF98: 0 | BG98: 150 | BH98: 0.77999997 | BI98: 0 | BJ98: 0 | BK98: 0 | BL98: 0 | BM98: 0 | BP98: 1 | BQ98: 1 | BR98: 2024 | BS98: 1 | BT98: 1 | BU98: 1 | BV98: 2024 | BW98: 2 | BX98: 0 | BY98: 0 | BZ98: 0 | CA98: 1 | CB98: 0 | CC98: 0 | CD98: 0 | CE98: 0 | CF98: 0 | CG98: 0 | CH98: 0 | CI98: 0 | CJ98: 0 | CK98: 1 | CL98: 0 | CM98: 0 | CN98: 0 | CO98: 0 | CP98: 0 | CQ98: 0 | CR98: 0
A99: 98 | B99: 102 | C99: Hamalau - Telaga Bidadari - Wasah Hilir | D99: hamalau – telaga bidadari – wasah hilir | E99: Hamalau, Kapuh, Telaga Bidadari, Wasah Hilir | F99: Simpur, Sungai Raya | G99: 4 | H99: 2 | I99: 2916 | J99: 0 | K99: 1 | L99: 2573.5 | M99: 2569.4 | N99: 3230 | O99: 535.6 | P99: 4628.6 | Q99: 0 | R99: 0 | S99: 0 | T99: 0 | U99: 0 | V99: 4.94 | W99: 3.5 | X99: 4.94 | Y99: 0 | Z99: 0 | AA99: 0 | AB99: 0 | AC99: 4.94 | AD99: 0 | AE99: 0 | AF99: 0 | AG99: 1 | AH99: 4.94 | AI99: 5 | AJ99: 4.94 | AK99: 0 | AL99: 0 | AM99: 0 | AN99: 0 | AO99: 0 | AP99: 3.54 | AQ99: 1.4 | AR99: 0 | AS99: 0.71659919 | AT99: 4.94 | AU99: 0 | AV99: 0 | AW99: 4.9400001 | AX99: 0 | AY99: 0.14 | AZ99: 1.9 | BA99: 2.5999999 | BB99: 0.30000001 | BC99: 2.04 | BD99: 2.8999999 | BE99: 0.41295547 | BF99: 0.58704453 | BG99: 150 | BH99: 0.14 | BI99: 1.9 | BJ99: 2.5999999 | BK99: 0.30000001 | BL99: 1 | BM99: 1 | BN99: 2023 | BO99: 1 | BP99: 1 | BQ99: 1 | BR99: 2023 | BS99: 2 | BT99: 1 | BU99: 1 | BV99: 2023 | BW99: 3 | BX99: 0 | BY99: 0 | BZ99: 1 | CA99: 0 | CB99: 0 | CC99: 0 | CD99: 0 | CE99: 0 | CF99: 0 | CG99: 0 | CH99: 0 | CI99: 0 | CJ99: 1 | CK99: 0 | CL99: 0 | CM99: 0 | CN99: 0 | CO99: 0 | CP99: 0 | CQ99: 0 | CR99: 0
A100: 99 | B100: 334 | C100: Hamayung - Hakurung Dalam | D100: hamayung – hakurung dalam | E100: Hakurung, Hamayung | F100: Daha Utara | G100: 2 | H100: 1 | I100: 1435 | J100: 1 | K100: 0 | L100: 9408.8 | M100: 11892.5 | N100: 17293.2 | O100: 87.8 | P100: 43906.3 | Q100: 0 | R100: 0 | S100: 0 | T100: 0 | U100: 0 | V100: 4.1 | W100: 3 | X100: 0 | Y100: 0 | Z100: 2.4 | AA100: 0 | AB100: 1.7 | AC100: 0.4 | AD100: 0 | AE100: 2 | AF100: 1.7 | AG100: 0.097560976 | AH100: 4.1 | AI100: 3 | AJ100: 0 | AK100: 0 | AL100: 2.4 | AM100: 0 | AN100: 1.7 | AO100: 0 | AP100: 0.4 | AQ100: 2 | AR100: 1.7 | AS100: 0.097560976 | AT100: 4.1 | AU100: 2.4000001 | AV100: 0 | AW100: 0 | AX100: 0 | AY100: 0 | AZ100: 0.1 | BA100: 1.4 | BB100: 0.89999998 | BC100: 0.1 | BD100: 2.3 | BE100: 0.041666668 | BF100: 0.95833333 | BG100: 150 | BH100: 0 | BI100: 0 | BJ100: 0 | BK100: 0 | BL100: 1 | BM100: 2 | BN100: 2023 | BO100: 1 | BP100: 1 | BQ100: 2 | BR100: 2023 | BS100: 2 | BT100: 1 | BU100: 2 | BV100: 2023 | BW100: 3 | BX100: 1 | BY100: 0 | BZ100: 1 | CA100: 0 | CB100: 0 | CC100: 0 | CD100: 0 | CE100: 1 | CF100: 0 | CG100: 0 | CH100: 1 | CI100: 0 | CJ100: 0 | CK100: 0 | CL100: 0 | CM100: 0 | CN100: 0 | CO100: 0 | CP100: 0 | CQ100: 0 | CR100: 0
...

Sheet model_2023_2024
A1: no | B1: nomor_ruas | C1: nama_ruas | D1: nama_ruas_norm | E1: desa_yang_dilalui | F1: kecamatan_yang_dilalui | G1: jumlah_desa_yang_dilalui | H1: jumlah_kecamatan_yang_dilalui | I1: jumlah_penduduk_dilayani | J1: terhubung_ruas_provinsi | K1: terhubung_ruas_nasional | L1: jarak_pasar_m | M1: jarak_puskesmas_m | N1: jarak_rsud_m | O1: jarak_sd_smp_m | P1: jarak_ibukota_m | Q1: akses_terputus_ibukota | R1: akses_terputus_pasar | S1: akses_terputus_puskesmas | T1: akses_terputus_rsud | U1: akses_terputus_sd_smp | V1: panjang_km_2023 | W1: lebar_m_2023 | X1: hotmix_km_2023 | Y1: lapen_km_2023 | Z1: beton_km_2023 | AA1: telford_kerikil_km_2023 | AB1: tanah_belum_tembus_km_2023 | AC1: baik_km_2023 | AD1: sedang_km_2023 | AE1: rusak_ringan_km_2023 | AF1: rusak_berat_km_2023 | AG1: jalan_mantap_pct_2023 | AH1: prior_handled_any_pre2024 | AI1: prior_handled_count_pre2024 | AJ1: prior_handled_last_year_pre2024 | AK1: years_since_last_handled_pre2024 | AL1: handled_any_2024 | AM1: handled_pl_2024 | AN1: handled_tender_2024
A2: 1 | B2: 035 | C2: AES Nasution | D2: aes nasution | E2: Baluti | F2: Kandangan | G2: 1 | H2: 1 | I2: 1377 | J2: 0 | K2: 0 | L2: 714.1 | M2: 954.7 | N2: 1467.1 | O2: 166.2 | P2: 395.8 | Q2: 0 | R2: 0 | S2: 0 | T2: 0 | U2: 0 | V2: 0.24 | W2: 3.5 | X2: 0.24 | Y2: 0 | Z2: 0 | AA2: 0 | AB2: 0 | AC2: 0.24 | AD2: 0 | AE2: 0 | AF2: 0 | AG2: 1 | AH2: 0 | AI2: 0 | AL2: 1 | AM2: 0 | AN2: 1
A3: 2 | B3: 234 | C3: Air Miris - Ds. Wasah Hilir | D3: air miris – desa wasah hilir | E3: Wasah Hilir, Wasah Tengah | F3: Simpur | G3: 2 | H3: 1 | I3: 1294 | J3: 0 | K3: 1 | L3: 961.1 | M3: 2012.5 | N3: 5681 | O3: 667.2 | P3: 6453.8 | Q3: 0 | R3: 0 | S3: 0 | T3: 0 | U3: 0 | V3: 1.06 | W3: 3 | X3: 1.06 | Y3: 0 | Z3: 0 | AA3: 0 | AB3: 0 | AC3: 1.06 | AD3: 0 | AE3: 0 | AF3: 0 | AG3: 1 | AH3: 0 | AI3: 0 | AL3: 0 | AM3: 0 | AN3: 0
A4: 3 | B4: 345 | C4: Al - Ikhlas - Ds. Baluti | D4: al – ikhlas – desa baluti | E4: Baluti, Tibung Raya | F4: Kandangan | G4: 2 | H4: 1 | I4: 2315 | J4: 0 | K4: 0 | L4: 1257.5 | M4: 1407.6 | N4: 1286.8 | O4: 425.9 | P4: 1575.8 | Q4: 0 | R4: 0 | S4: 0 | T4: 0 | U4: 0 | V4: 0.38 | W4: 3.5 | X4: 0 | Y4: 0 | Z4: 0 | AA4: 0.38 | AB4: 0 | AC4: 0 | AD4: 0 | AE4: 0 | AF4: 0.38 | AG4: 0 | AH4: 0 | AI4: 0 | AL4: 1 | AM4: 0 | AN4: 1
A5: 4 | B5: 008 | C5: Aluh Idut | D5: aluh idut | E5: Kandangan Barat, Kandangan Kota, Kandangan Utara | F5: Kandangan | G5: 3 | H5: 1 | I5: 6205 | J5: 0 | K5: 1 | L5: 1109.5 | M5: 461.8 | N5: 2807.8 | O5: 138.8 | P5: 944.9 | Q5: 0 | R5: 0 | S5: 0 | T5: 0 | U5: 0 | V5: 1.34 | W5: 5 | X5: 1.34 | Y5: 0 | Z5: 0 | AA5: 0 | AB5: 0 | AC5: 1.34 | AD5: 0 | AE5: 0 | AF5: 0 | AG5: 1 | AH5: 0 | AI5: 0 | AL5: 0 | AM5: 0 | AN5: 0
A6: 5 | B6: 032 | C6: Amawang Kanan - Wasah Hulu | D6: amawang kanan – wasah hulu | E6: Amawang Kanan, Wasah Hulu | F6: Kandangan, Simpur | G6: 2 | H6: 2 | I6: 1122 | J6: 0 | K6: 1 | L6: 3281 | M6: 1687.3 | N6: 2540.2 | O6: 459.8 | P6: 3136 | Q6: 0 | R6: 0 | S6: 0 | T6: 0 | U6: 0 | V6: 3.17 | W6: 3.5 | X6: 3.17 | Y6: 0 | Z6: 0 | AA6: 0 | AB6: 0 | AC6: 3.17 | AD6: 0 | AE6: 0 | AF6: 0 | AG6: 1 | AH6: 1 | AI6: 1 | AJ6: 2023 | AK6: 1 | AL6: 0 | AM6: 0 | AN6: 0
A7: 6 | B7: 031 | C7: Amawang Muka - Getek | D7: amawang muka – getek | E7: Amawang Kiri, Amawang Kiri Muka, Bariang, Sungai Paring | F7: Kandangan | G7: 4 | H7: 1 | I7: 2479 | J7: 0 | K7: 0 | L7: 4114.1 | M7: 3726.6 | N7: 5380 | O7: 191.1 | P7: 3795.8 | Q7: 0 | R7: 0 | S7: 0 | T7: 0 | U7: 0 | V7: 5.41 | W7: 3.5 | X7: 5.41 | Y7: 0 | Z7: 0 | AA7: 0 | AB7: 0 | AC7: 5.41 | AD7: 0 | AE7: 0 | AF7: 0 | AG7: 1 | AH7: 1 | AI7: 2 | AJ7: 2023 | AK7: 1 | AL7: 0 | AM7: 0 | AN7: 0
A8: 7 | B8: 149 | C8: Ambarai - Madang | D8: ambarai – madang | E8: Karang Jawa, Madang | F8: Padang Batung | G8: 2 | H8: 1 | I8: 1088 | J8: 0 | K8: 0 | L8: 2381.2 | M8: 3220.9 | N8: 7125.8 | O8: 1028.5 | P8: 5524.6 | Q8: 0 | R8: 0 | S8: 0 | T8: 0 | U8: 0 | V8: 1.74 | W8: 3.5 | X8: 1.74 | Y8: 0 | Z8: 0 | AA8: 0 | AB8: 0 | AC8: 1.74 | AD8: 0 | AE8: 0 | AF8: 0 | AG8: 1 | AH8: 0 | AI8: 0 | AL8: 1 | AM8: 1 | AN8: 0
A9: 8 | B9: 187 | C9: AMD - Ds. Lok Binuang | D9: amd – desa lok binuang | E9: Lok Binuang, Telaga Langsat | F9: Telaga Langsat | G9: 2 | H9: 1 | I9: 763 | J9: 0 | K9: 0 | L9: 4179.5 | M9: 2818.2 | N9: 13938.7 | O9: 1329.4 | P9: 12075.8 | Q9: 0 | R9: 0 | S9: 0 | T9: 0 | U9: 0 | V9: 1.57 | W9: 3 | X9: 0.1 | Y9: 0 | Z9: 0 | AA9: 1.47 | AB9: 0 | AC9: 0 | AD9: 0 | AE9: 0 | AF9: 1.57 | AG9: 0 | AH9: 0 | AI9: 0 | AL9: 0 | AM9: 0 | AN9: 0
A10: 9 | B10: 214 | C10: Amparaya - Karangan - Hanau | D10: amparaya – karangan – hanau | E10: Amparaya, Panjampang Bahagia | F10: Simpur | G10: 2 | H10: 1 | I10: 1032 | J10: 0 | K10: 0 | L10: 4608.7 | M10: 5179.2 | N10: 10259.5 | O10: 1207.7 | P10: 10424.2 | Q10: 0 | R10: 0 | S10: 0 | T10: 0 | U10: 0 | V10: 4.36 | W10: 3.5 | X10: 4.36 | Y10: 0 | Z10: 0 | AA10: 0 | AB10: 0 | AC10: 0 | AD10: 4.16 | AE10: 0.2 | AF10: 0 | AG10: 0.95412844 | AH10: 1 | AI10: 3 | AJ10: 2023 | AK10: 1 | AL10: 0 | AM10: 0 | AN10: 0
A11: 10 | B11: 011 | C11: Anggrek | D11: anggrek | E11: Kandangan Kota, Kandangan Utara | F11: Kandangan | G11: 2 | H11: 1 | I11: 4331 | J11: 0 | K11: 0 | L11: 781.6 | M11: 796.9 | N11: 2773.5 | O11: 196.3 | P11: 910.6 | Q11: 0 | R11: 0 | S11: 0 | T11: 0 | U11: 0 | V11: 0.23 | W11: 3 | X11: 0.23 | Y11: 0 | Z11: 0 | AA11: 0 | AB11: 0 | AC11: 0.23 | AD11: 0 | AE11: 0 | AF11: 0 | AG11: 1 | AH11: 1 | AI11: 1 | AJ11: 2023 | AK11: 1 | AL11: 0 | AM11: 0 | AN11: 0
A12: 11 | B12: 346 | C12: Angkakai - Ds. Amawang Kiri | D12: angkakai – desa amawang kiri | E12: Amawang Kiri | F12: Kandangan | G12: 1 | H12: 1 | I12: 786 | J12: 0 | K12: 0 | L12: 4664.3 | M12: 3176.4 | N12: 5196.4 | O12: 490.7 | P12: 4346 | Q12: 0 | R12: 0 | S12: 0 | T12: 0 | U12: 0 | V12: 0.4 | W12: 3.5 | X12: 0 | Y12: 0 | Z12: 0 | AA12: 0.4 | AB12: 0 | AC12: 0 | AD12: 0 | AE12: 0 | AF12: 0.4 | AG12: 0 | AH12: 0 | AI12: 0 | AL12: 0 | AM12: 0 | AN12: 0
A13: 12 | B13: 178 | C13: Angkinang - Kayu Abang - Panggang Hijau | D13: angkinang – kayu abang – panggang hijau | E13: Angkinang, Kayu Abang, Tawia | F13: Angkinang | G13: 3 | H13: 1 | I13: 2516 | J13: 0 | K13: 1 | L13: 4170.6 | M13: 4803.9 | N13: 12260.5 | O13: 1030.9 | P13: 10397.6 | Q13: 0 | R13: 0 | S13: 0 | T13: 0 | U13: 0 | V13: 7 | W13: 3 | X13: 5.4 | Y13: 0 | Z13: 0 | AA13: 1.6 | AB13: 0 | AC13: 0 | AD13: 2.6 | AE13: 1.4 | AF13: 3 | AG13: 0.37142857 | AH13: 1 | AI13: 2 | AJ13: 2023 | AK13: 1 | AL13: 1 | AM13: 1 | AN13: 0
A14: 13 | B14: 175 | C14: Angkinang - Telaga Langsat | D14: angkinang – telaga langsat | E14: Angkinang, Angkinang Selatan, Lok Binuang, Mandala, Telaga Langsat | F14: Angkinang, Telaga Langsat | G14: 5 | H14: 2 | I14: 2430 | J14: 0 | K14: 1 | L14: 2807.7 | M14: 2660.1 | N14: 12566.9 | O14: 42.4 | P14: 10704 | Q14: 0 | R14: 0 | S14: 0 | T14: 0 | U14: 0 | V14: 5.58 | W14: 3 | X14: 5.58 | Y14: 0 | Z14: 0 | AA14: 0 | AB14: 0 | AC14: 0 | AD14: 3.78 | AE14: 1.8 | AF14: 0 | AG14: 0.67741935 | AH14: 1 | AI14: 1 | AJ14: 2021 | AK14: 3 | AL14: 1 | AM14: 1 | AN14: 1
A15: 14 | B15: 172 | C15: Angkinang Selatan - Tawia - Wawaran | D15: angkinang selatan – tawia – wawaran | E15: Angkinang Selatan, Bakarung, Taniran Kubah, Tawia | F15: Angkinang | G15: 4 | H15: 1 | I15: 3114 | J15: 0 | K15: 0 | L15: 3473.9 | M15: 4541 | N15: 11563.7 | O15: 1798.1 | P15: 9700.8 | Q15: 0 | R15: 0 | S15: 0 | T15: 0 | U15: 0 | V15: 5.88 | W15: 3 | X15: 5.88 | Y15: 0 | Z15: 0 | AA15: 0 | AB15: 0 | AC15: 0 | AD15: 4.48 | AE15: 1.4 | AF15: 0 | AG15: 0.76190476 | AH15: 1 | AI15: 1 | AJ15: 2023 | AK15: 1 | AL15: 1 | AM15: 0 | AN15: 1
A16: 15 | B16: 347 | C16: Anjiran Rantauan - Ds. Taniran Tengah | D16: anjiran rantauan – desa taniran tengah | E16: Taniran Selatan | F16: Angkinang | G16: 1 | H16: 1 | I16: 545 | J16: 0 | K16: 1 | L16: 2869.7 | M16: 3143.5 | N16: 8536.5 | O16: 474.2 | P16: 6673.6 | Q16: 0 | R16: 0 | S16: 0 | T16: 0 | U16: 0 | V16: 1.21 | W16: 3.5 | X16: 1.21 | Y16: 0 | Z16: 0 | AA16: 0 | AB16: 0 | AC16: 0 | AD16: 0 | AE16: 0 | AF16: 1.21 | AG16: 0 | AH16: 0 | AI16: 0 | AL16: 0 | AM16: 0 | AN16: 0
A17: 16 | B17: 097 | C17: Asam Cangkuk - Telaga Bidadari | D17: asam cangkuk – telaga bidadari | E17: Amawang Kanan, Telaga Bidadari, Wasah Hulu | F17: Kandangan, Simpur, Sungai Raya | G17: 3 | H17: 3 | I17: 1790 | J17: 0 | K17: 0 | L17: 2965.8 | M17: 2977.4 | N17: 2083.4 | O17: 862.4 | P17: 3010.9 | Q17: 0 | R17: 0 | S17: 0 | T17: 0 | U17: 0 | V17: 0.83 | W17: 2 | X17: 0.83 | Y17: 0 | Z17: 0 | AA17: 0 | AB17: 0 | AC17: 0 | AD17: 0 | AE17: 0 | AF17: 0.83 | AG17: 0 | AH17: 0 | AI17: 0 | AL17: 0 | AM17: 0 | AN17: 0
A18: 17 | B18: 348 | C18: Asam Duhat - Ds. Pantai Ulin | D18: asam duhat – desa pantai ulin | E18: Pantai Ulin | F18: Simpur | G18: 1 | H18: 1 | I18: 708 | J18: 0 | K18: 0 | L18: 4362.9 | M18: 4148.6 | N18: 11085.9 | O18: 532.9 | P18: 7234.7 | Q18: 0 | R18: 0 | S18: 0 | T18: 0 | U18: 0 | V18: 1.11 | W18: 3.5 | X18: 0 | Y18: 0 | Z18: 0 | AA18: 1.11 | AB18: 0 | AC18: 0 | AD18: 0 | AE18: 0 | AF18: 1.11 | AG18: 0 | AH18: 1 | AI18: 2 | AJ18: 2023 | AK18: 1 | AL18: 0 | AM18: 0 | AN18: 0
A19: 18 | B19: 123 | C19: Asam Seranggan - Asam Tamiyang | D19: asam seranggan – asam tamiyang | E19: Asam, Tamiyang | F19: Sungai Raya | G19: 2 | H19: 1 | I19: 797 | J19: 0 | K19: 0 | L19: 7415 | M19: 4953 | N19: 8268.7 | O19: 979.8 | P19: 12484.5 | Q19: 0 | R19: 0 | S19: 0 | T19: 0 | U19: 0 | V19: 1.02 | W19: 3 | X19: 0 | Y19: 0 | Z19: 0 | AA19: 1.02 | AB19: 0 | AC19: 0 | AD19: 0 | AE19: 0 | AF19: 1.02 | AG19: 0 | AH19: 1 | AI19: 1 | AJ19: 2022 | AK19: 2 | AL19: 0 | AM19: 0 | AN19: 0
A20: 19 | B20: 238 | C20: At-Taubah - Ds. Kapuh | D20: at – taubah – desa kapuh | E20: Kapuh | F20: Simpur | G20: 1 | H20: 1 | I20: 682 | J20: 0 | K20: 0 | L20: 2565.8 | M20: 3045 | N20: 3705.6 | O20: 527.9 | P20: 5104.2 | Q20: 0 | R20: 0 | S20: 0 | T20: 0 | U20: 0 | V20: 0.47 | W20: 3 | X20: 0.47 | Y20: 0 | Z20: 0 | AA20: 0 | AB20: 0 | AC20: 0.47 | AD20: 0 | AE20: 0 | AF20: 0 | AG20: 1 | AH20: 0 | AI20: 0 | AL20: 0 | AM20: 0 | AN20: 0
A21: 20 | B21: 343 | C21: Badaun - Ds. Bjayau Lama | D21: badaun – desa bjayau lama | E21: Bajayau Lama | F21: Daha Barat | G21: 1 | H21: 1 | I21: 426 | J21: 0 | K21: 0 | O21: 612 | Q21: 1 | R21: 1 | S21: 1 | T21: 1 | U21: 0 | V21: 3.1 | W21: 3 | X21: 0 | Y21: 0 | Z21: 0 | AA21: 0 | AB21: 3.1 | AC21: 0 | AD21: 0 | AE21: 0 | AF21: 3.1 | AG21: 0 | AH21: 0 | AI21: 0 | AL21: 0 | AM21: 0 | AN21: 0
A22: 21 | B22: 249 | C22: Bago Tanggul - Katilang - Teratai | D22: bago tanggul – katilang – teratai | E22: Bago Tanggul, Balanti, Kalumpang, Karang Bulan | F22: Kalumpang | G22: 4 | H22: 1 | I22: 960 | J22: 0 | K22: 0 | L22: 10210.5 | M22: 7816.6 | N22: 20724.2 | O22: 161.6 | P22: 22103.7 | Q22: 0 | R22: 0 | S22: 0 | T22: 0 | U22: 0 | V22: 9.71 | W22: 4 | X22: 7.3 | Y22: 0 | Z22: 0 | AA22: 0 | AB22: 2.41 | AC22: 7.3 | AD22: 0 | AE22: 0 | AF22: 2.41 | AG22: 0.75180227 | AH22: 1 | AI22: 1 | AJ22: 2022 | AK22: 2 | AL22: 0 | AM22: 0 | AN22: 0
A23: 22 | B23: 069 | C23: Baiturrahim Parincahan | D23: baiturrahim parincahan | E23: Kandangan Barat | F23: Kandangan | G23: 1 | H23: 1 | I23: 1874 | J23: 0 | K23: 1 | L23: 2675.7 | M23: 2608.4 | N23: 4437.4 | O23: 935.9 | P23: 2574.5 | Q23: 0 | R23: 0 | S23: 0 | T23: 0 | U23: 0 | V23: 1.42 | W23: 3 | X23: 1.2 | Y23: 0 | Z23: 0 | AA23: 0 | AB23: 0.22 | AC23: 0.4 | AD23: 0 | AE23: 0.8 | AF23: 0.22 | AG23: 0.28169014 | AH23: 1 | AI23: 1 | AJ23: 2023 | AK23: 1 | AL23: 0 | AM23: 0 | AN23: 0
A24: 23 | B24: 340 | C24: Bajayau - Ds. Bajayau Tengah | D24: bajayau – desa bajayau tengah | E24: Bajayau, Bajayau Tengah | F24: Daha Barat | G24: 2 | H24: 1 | I24: 734 | J24: 0 | K24: 0 | L24: 3635.1 | M24: 1570.2 | N24: 17922.5 | O24: 1051.1 | Q24: 1 | R24: 0 | S24: 0 | T24: 0 | U24: 0 | V24: 7.58 | W24: 3.5 | X24: 3.1 | Y24: 0 | Z24: 0 | AA24: 0.1 | AB24: 4.38 | AC24: 3.1 | AD24: 0 | AE24: 0 | AF24: 4.48 | AG24: 0.40897098 | AH24: 1 | AI24: 1 | AJ24: 2023 | AK24: 1 | AL24: 0 | AM24: 0 | AN24: 0
A25: 24 | B25: 167 | C25: Bakarung - Rantauan | D25: bakarung – rantauan | E25: Bakarung, Gambah Dalam Barat, Gambah Luar, Taniran Selatan | F25: Angkinang, Kandangan | G25: 4 | H25: 2 | I25: 2506 | J25: 1 | K25: 1 | L25: 1752.4 | M25: 2792.8 | N25: 8362.7 | O25: 1550.7 | P25: 6499.8 | Q25: 0 | R25: 0 | S25: 0 | T25: 0 | U25: 0 | V25: 3.03 | W25: 3.5 | X25: 3.03 | Y25: 0 | Z25: 0 | AA25: 0 | AB25: 0 | AC25: 3.03 | AD25: 0 | AE25: 0 | AF25: 0 | AG25: 1 | AH25: 1 | AI25: 2 | AJ25: 2023 | AK25: 1 | AL25: 0 | AM25: 0 | AN25: 0
A26: 25 | B26: 179 | C26: Bakarung -Tabihi - Karang Jawa | D26: bakarung – tabihi – karang jawa | E26: Bakarung, Karang Jawa, Karang Jawa Muka, Tabihi | F26: Angkinang, Padang Batung | G26: 4 | H26: 2 | I26: 2766 | J26: 0 | K26: 1 | L26: 2678.7 | M26: 1551.4 | N26: 5058.9 | O26: 419.1 | P26: 3325.5 | Q26: 0 | R26: 0 | S26: 0 | T26: 0 | U26: 0 | V26: 4.57 | W26: 3.5 | X26: 4.57 | Y26: 0 | Z26: 0 | AA26: 0 | AB26: 0 | AC26: 0 | AD26: 4.57 | AE26: 0 | AF26: 0 | AG26: 1 | AH26: 1 | AI26: 1 | AJ26: 2023 | AK26: 1 | AL26: 0 | AM26: 0 | AN26: 0
A27: 26 | B27: 056 | C27: Bakarung Tengah - Karang Jawa | D27: bakarung tengah – karang jawa | E27: Gambah Luar, Gambah Luar Muka, Karang Jawa Muka | F27: Kandangan, Padang Batung | G27: 3 | H27: 2 | I27: 1780 | J27: 0 | K27: 1 | L27: 2368.5 | M27: 1835.5 | N27: 4559.7 | O27: 89.1 | P27: 2826.2 | Q27: 0 | R27: 0 | S27: 0 | T27: 0 | U27: 0 | V27: 3.77 | W27: 3.5 | X27: 3.77 | Y27: 0 | Z27: 0 | AA27: 0 | AB27: 0 | AC27: 3.77 | AD27: 0 | AE27: 0 | AF27: 0 | AG27: 1 | AH27: 1 | AI27: 3 | AJ27: 2023 | AK27: 1 | AL27: 0 | AM27: 0 | AN27: 0
A28: 27 | B28: 219 | C28: Balaimas - Hanau | D28: balaimas – hanau | E28: Panjampang Bahagia, Pantai Ulin | F28: Simpur | G28: 2 | H28: 1 | I28: 1150 | J28: 0 | K28: 0 | L28: 6620.7 | M28: 4762 | N28: 8803.8 | O28: 1614.2 | P28: 8968.5 | Q28: 0 | R28: 0 | S28: 0 | T28: 0 | U28: 0 | V28: 2.33 | W28: 3.5 | X28: 2.33 | Y28: 0 | Z28: 0 | AA28: 0 | AB28: 0 | AC28: 2.33 | AD28: 0 | AE28: 0 | AF28: 0 | AG28: 1 | AH28: 1 | AI28: 2 | AJ28: 2023 | AK28: 1 | AL28: 0 | AM28: 0 | AN28: 0
A29: 28 | B29: 251 | C29: Balanti - (Ex. P3DT) | D29: balanti – p3dt | E29: Balanti, Karang Bulan | F29: Kalumpang | G29: 2 | H29: 1 | I29: 426 | J29: 0 | K29: 0 | L29: 4304.7 | M29: 1910.8 | N29: 14818.3 | O29: 1026 | P29: 16197.8 | Q29: 0 | R29: 0 | S29: 0 | T29: 0 | U29: 0 | V29: 1.66 | W29: 3 | X29: 1.66 | Y29: 0 | Z29: 0 | AA29: 0 | AB29: 0 | AC29: 1.66 | AD29: 0 | AE29: 0 | AF29: 0 | AG29: 1 | AH29: 1 | AI29: 1 | AJ29: 2022 | AK29: 2 | AL29: 0 | AM29: 0 | AN29: 0
A30: 29 | B30: 256 | C30: Balimau - Murung Dalam | D30: balimau – murung dalam | E30: Balimau | F30: Kalumpang | G30: 1 | H30: 1 | I30: 310 | J30: 0 | K30: 0 | L30: 8506.9 | M30: 6113.1 | N30: 19020.6 | O30: 1650.5 | P30: 20400.1 | Q30: 0 | R30: 0 | S30: 0 | T30: 0 | U30: 0 | V30: 1.46 | W30: 2.5 | X30: 0 | Y30: 0 | Z30: 0 | AA30: 0 | AB30: 1.46 | AC30: 0 | AD30: 0 | AE30: 0 | AF30: 1.46 | AG30: 0 | AH30: 0 | AI30: 0 | AL30: 0 | AM30: 0 | AN30: 0
A31: 30 | B31: 040 | C31: Baluti - Jambu Hulu (Paku) | D31: baluti – jambu hulu paku | E31: Baluti, Jambu Hilir, Jambu Hulu | F31: Kandangan, Padang Batung | G31: 3 | H31: 2 | I31: 3778 | J31: 0 | K31: 1 | L31: 2296 | M31: 1621.3 | N31: 3589.2 | O31: 57.6 | P31: 2614.4 | Q31: 0 | R31: 0 | S31: 0 | T31: 0 | U31: 0 | V31: 4.07 | W31: 3.5 | X31: 4.07 | Y31: 0 | Z31: 0 | AA31: 0 | AB31: 0 | AC31: 4.07 | AD31: 0 | AE31: 0 | AF31: 0 | AG31: 1 | AH31: 1 | AI31: 1 | AJ31: 2023 | AK31: 1 | AL31: 0 | AM31: 0 | AN31: 0
A32: 31 | B32: 191 | C32: Bamban (Tibung) - Martajiwa | D32: bamban tibung – martajiwa | E32: Bamban | F32: Angkinang | G32: 1 | H32: 1 | I32: 499 | J32: 0 | K32: 0 | L32: 3513.6 | M32: 1365.5 | N32: 13272.8 | O32: 739.2 | P32: 11409.9 | Q32: 0 | R32: 0 | S32: 0 | T32: 0 | U32: 0 | V32: 0.66 | W32: 3 | X32: 0.66 | Y32: 0 | Z32: 0 | AA32: 0 | AB32: 0 | AC32: 0 | AD32: 0.1 | AE32: 0 | AF32: 0.56 | AG32: 0.15151515 | AH32: 0 | AI32: 0 | AL32: 0 | AM32: 0 | AN32: 0
A33: 32 | B33: 176 | C33: Bamban Selatan - Pakuan | D33: bamban selatan – pakuan | E33: Angkinang, Bamban Selatan, Pakuan Timur | F33: Angkinang, Telaga Langsat | G33: 3 | H33: 2 | I33: 1568 | J33: 0 | K33: 1 | L33: 2719.8 | M33: 2340.2 | N33: 12479 | O33: 1116.4 | P33: 10616.1 | Q33: 0 | R33: 0 | S33: 0 | T33: 0 | U33: 0 | V33: 2.09 | W33: 3 | X33: 2.09 | Y33: 0 | Z33: 0 | AA33: 0 | AB33: 0 | AC33: 0 | AD33: 2.09 | AE33: 0 | AF33: 0 | AG33: 1 | AH33: 1 | AI33: 1 | AJ33: 2023 | AK33: 1 | AL33: 1 | AM33: 1 | AN33: 0
A34: 33 | B34: 199 | C34: Bamban Selatan - Pakuan Balunan | D34: bamban selatan – pakuan balunan | E34: Bamban Selatan | F34: Angkinang | G34: 1 | H34: 1 | I34: 447 | J34: 0 | K34: 1 | L34: 3639.6 | M34: 2038.8 | N34: 13398.9 | O34: 865.2 | P34: 11536 | Q34: 0 | R34: 0 | S34: 0 | T34: 0 | U34: 0 | V34: 1.71 | W34: 3 | X34: 1.71 | Y34: 0 | Z34: 0 | AA34: 0 | AB34: 0 | AC34: 0 | AD34: 1.71 | AE34: 0 | AF34: 0 | AG34: 1 | AH34: 0 | AI34: 0 | AL34: 0 | AM34: 0 | AN34: 0
A35: 34 | B35: 174 | C35: Bamban Selatan - Tanggang - Panggang Hijau | D35: bamban selatan – tanggang – panggang hijau | E35: Bamban, Bamban Selatan, Kayu Abang | F35: Angkinang | G35: 3 | H35: 1 | I35: 1733 | J35: 0 | K35: 1 | L35: 4613.6 | M35: 2943.6 | N35: 13008.9 | O35: 1839.2 | P35: 11146 | Q35: 0 | R35: 0 | S35: 0 | T35: 0 | U35: 0 | V35: 3.58 | W35: 3 | X35: 1.1 | Y35: 0 | Z35: 0 | AA35: 2.48 | AB35: 0 | AC35: 0.2 | AD35: 0.8 | AE35: 0.1 | AF35: 2.48 | AG35: 0.27932961 | AH35: 0 | AI35: 0 | AL35: 0 | AM35: 0 | AN35: 0
A36: 35 | B36: 181 | C36: Bamban Tengah - Lok Nyiur | D36: bamban tengah – lok nyiur | E36: Bamban, Kayu Abang | F36: Angkinang | G36: 2 | H36: 1 | I36: 1286 | J36: 0 | K36: 1 | L36: 3704 | M36: 1555.9 | N36: 13463.2 | O36: 929.6 | P36: 11600.3 | Q36: 0 | R36: 0 | S36: 0 | T36: 0 | U36: 0 | V36: 1.26 | W36: 3.5 | X36: 1 | Y36: 0 | Z36: 0.26 | AA36: 0 | AB36: 0 | AC36: 0 | AD36: 0.8 | AE36: 0.2 | AF36: 0.26 | AG36: 0.63492063 | AH36: 0 | AI36: 0 | AL36: 0 | AM36: 0 | AN36: 0
A37: 36 | B37: 177 | C37: Bamban Utara - Longawang | D37: bamban utara – longawang | E37: Bamban Utara, Longawang, Pandulangan | F37: Angkinang, Telaga Langsat | G37: 3 | H37: 2 | I37: 1579 | J37: 0 | K37: 1 | L37: 4916.4 | M37: 1098.2 | N37: 14675.6 | O37: 222.1 | P37: 12812.7 | Q37: 0 | R37: 0 | S37: 0 | T37: 0 | U37: 0 | V37: 2.11 | W37: 3.5 | X37: 2.11 | Y37: 0 | Z37: 0 | AA37: 0 | AB37: 0 | AC37: 2.11 | AD37: 0 | AE37: 0 | AF37: 0 | AG37: 1 | AH37: 0 | AI37: 0 | AL37: 0 | AM37: 0 | AN37: 0
A38: 37 | B38: 112 | C38: Bangga TMMD | D38: bangga | E38: Telaga Bidadari | F38: Sungai Raya | G38: 1 | H38: 1 | I38: 668 | J38: 0 | K38: 0 | L38: 3386.3 | M38: 3536.4 | N38: 1759.6 | O38: 1501.9 | P38: 3431.5 | Q38: 0 | R38: 0 | S38: 0 | T38: 0 | U38: 0 | V38: 0.79 | W38: 3.5 | X38: 0.79 | Y38: 0 | Z38: 0 | AA38: 0 | AB38: 0 | AC38: 0 | AD38: 0.79 | AE38: 0 | AF38: 0 | AG38: 1 | AH38: 0 | AI38: 0 | AL38: 0 | AM38: 0 | AN38: 0
A39: 38 | B39: 341 | C39: Banua Hanyar - Ds. Tanjung Selor | D39: banua hanyar – desa tanjung selor | E39: Banua Hanyar, Tanjung Selor | F39: Daha Barat, Daha Selatan | G39: 2 | H39: 2 | I39: 1716 | J39: 0 | K39: 0 | Q39: 1 | R39: 1 | S39: 1 | T39: 1 | U39: 1 | V39: 5.61 | W39: 3 | X39: 0 | Y39: 0 | Z39: 0 | AA39: 0 | AB39: 5.61 | AC39: 0 | AD39: 0 | AE39: 0 | AF39: 5.61 | AG39: 0 | AH39: 0 | AI39: 0 | AL39: 0 | AM39: 0 | AN39: 0
A40: 39 | B40: 243 | C40: Banua Kambang - Ds. Wasah Tengah | D40: banua kambang – desa wasah tengah | E40: Wasah Hulu, Wasah Tengah | F40: Simpur | G40: 2 | H40: 1 | I40: 1057 | J40: 0 | K40: 1 | L40: 2640.6 | M40: 1440.1 | N40: 3946.6 | O40: 946.5 | P40: 4542.4 | Q40: 0 | R40: 0 | S40: 0 | T40: 0 | U40: 0 | V40: 1.39 | W40: 3 | X40: 0 | Y40: 0 | Z40: 0 | AA40: 1.39 | AB40: 0 | AC40: 0 | AD40: 0 | AE40: 0 | AF40: 1.39 | AG40: 0 | AH40: 0 | AI40: 0 | AL40: 1 | AM40: 0 | AN40: 1
A41: 40 | B41: 050 | C41: Banyu Barau - Sei Kalang | D41: banyu barau – sei kalang | E41: Kandangan Barat | F41: Kandangan | G41: 1 | H41: 1 | I41: 1874 | J41: 0 | K41: 1 | L41: 2875.3 | M41: 2807.9 | N41: 4548 | O41: 991.5 | P41: 2685.1 | Q41: 0 | R41: 0 | S41: 0 | T41: 0 | U41: 0 | V41: 2.1 | W41: 3 | X41: 2.1 | Y41: 0 | Z41: 0 | AA41: 0 | AB41: 0 | AC41: 2.1 | AD41: 0 | AE41: 0 | AF41: 0 | AG41: 1 | AH41: 1 | AI41: 1 | AJ41: 2023 | AK41: 1 | AL41: 0 | AM41: 0 | AN41: 0
A42: 41 | B42: 046 | C42: Bariang - Getek | D42: bariang – getek | E42: Amawang Kiri, Amawang Kiri Muka, Bariang | F42: Kandangan | G42: 3 | H42: 1 | I42: 1903 | J42: 0 | K42: 0 | L42: 3312.2 | M42: 3299.3 | N42: 3671.3 | O42: 922.4 | P42: 3167.3 | Q42: 0 | R42: 0 | S42: 0 | T42: 0 | U42: 0 | V42: 1.24 | W42: 3 | X42: 1.24 | Y42: 0 | Z42: 0 | AA42: 0 | AB42: 0 | AC42: 1.24 | AD42: 0 | AE42: 0 | AF42: 0 | AG42: 1 | AH42: 0 | AI42: 0 | AL42: 0 | AM42: 0 | AN42: 0
A43: 42 | B43: 075 | C43: Bariang - Patigan | D43: bariang – patigan | E43: Amawang Kiri, Bariang | F43: Kandangan | G43: 2 | H43: 1 | I43: 1164 | J43: 0 | K43: 0 | L43: 4064.3 | M43: 3949.4 | N43: 4423.4 | O43: 897 | P43: 3919.4 | Q43: 0 | R43: 0 | S43: 0 | T43: 0 | U43: 0 | V43: 1.63 | W43: 3 | X43: 1.63 | Y43: 0 | Z43: 0 | AA43: 0 | AB43: 0 | AC43: 0 | AD43: 1.63 | AE43: 0 | AF43: 0 | AG43: 1 | AH43: 0 | AI43: 0 | AL43: 0 | AM43: 0 | AN43: 0
A44: 43 | B44: 125 | C44: Baru - Asam Desa Baru | D44: baru – asam desa baru | E44: Asam, Baru (Sungai Raya) | F44: Sungai Raya | G44: 2 | H44: 1 | I44: 743 | J44: 0 | K44: 0 | L44: 3233.4 | M44: 3264.1 | N44: 10405.2 | O44: 1686.5 | P44: 12077.1 | Q44: 0 | R44: 0 | S44: 0 | T44: 0 | U44: 0 | V44: 1.32 | W44: 3 | X44: 1.32 | Y44: 0 | Z44: 0 | AA44: 0 | AB44: 0 | AC44: 1.32 | AD44: 0 | AE44: 0 | AF44: 0 | AG44: 1 | AH44: 1 | AI44: 1 | AJ44: 2023 | AK44: 1 | AL44: 1 | AM44: 1 | AN44: 0
A45: 44 | B45: 339 | C45: Baru - Ds. Bajayau | D45: baru – desa bajayau | E45: Baru (Daha Barat) | F45: Daha Barat | G45: 1 | H45: 1 | I45: 330 | J45: 0 | K45: 0 | L45: 3131.6 | M45: 5196.5 | N45: 11050 | O45: 1557.1 | P45: 41329.6 | Q45: 0 | R45: 0 | S45: 0 | T45: 0 | U45: 0 | V45: 2.33 | W45: 4 | X45: 0 | Y45: 0 | Z45: 0 | AA45: 2.33 | AB45: 0 | AC45: 0 | AD45: 0 | AE45: 0 | AF45: 2.33 | AG45: 0 | AH45: 1 | AI45: 1 | AJ45: 2023 | AK45: 1 | AL45: 1 | AM45: 0 | AN45: 1
A46: 45 | B46: 130 | C46: Batang Kulur Kanan - Batang Kulur Kiri | D46: batang kulur kanan – batang kulur kiri | E46: Batang Kulur Kiri, Batang Kulur Tengah | F46: Sungai Raya | G46: 2 | H46: 1 | I46: 459 | J46: 0 | K46: 0 | L46: 1554.6 | M46: 1585.3 | N46: 6402 | O46: 1197.5 | P46: 8073.9 | Q46: 0 | R46: 0 | S46: 0 | T46: 0 | U46: 0 | V46: 0.82 | W46: 3.5 | X46: 0 | Y46: 0 | Z46: 0 | AA46: 0.82 | AB46: 0 | AC46: 0 | AD46: 0 | AE46: 0 | AF46: 0.82 | AG46: 0 | AH46: 0 | AI46: 0 | AL46: 0 | AM46: 0 | AN46: 0
A47: 46 | B47: 129 | C47: Batang Kulur Kanan - Bumi Berkat (Kisung) | D47: batang kulur kanan – bumi berkat kisung | E47: Batang Kulur Kanan, Bumi Berkat | F47: Sungai Raya | G47: 2 | H47: 1 | I47: 527 | J47: 0 | K47: 0 | L47: 4542.8 | M47: 4573.5 | N47: 11710.7 | O47: 2035.2 | P47: 13382.6 | Q47: 0 | R47: 0 | S47: 0 | T47: 0 | U47: 0 | V47: 1.61 | W47: 3.5 | X47: 1.61 | Y47: 0 | Z47: 0 | AA47: 0 | AB47: 0 | AC47: 0 | AD47: 0 | AE47: 0 | AF47: 1.61 | AG47: 0 | AH47: 0 | AI47: 0 | AL47: 0 | AM47: 0 | AN47: 0
A48: 47 | B48: 091 | C48: Batang Kulur Kanan - Sarangan | D48: batang kulur kanan – sarangan | E48: Batang Kulur Kanan, Ida Manggala | F48: Sungai Raya | G48: 2 | H48: 1 | I48: 751 | J48: 0 | K48: 0 | L48: 1424.6 | M48: 1455.3 | N48: 8596.5 | O48: 1082.9 | P48: 10268.4 | Q48: 0 | R48: 0 | S48: 0 | T48: 0 | U48: 0 | V48: 2.18 | W48: 3 | X48: 2.18 | Y48: 0 | Z48: 0 | AA48: 0 | AB48: 0 | AC48: 0 | AD48: 1.98 | AE48: 0.2 | AF48: 0 | AG48: 0.90825688 | AH48: 1 | AI48: 2 | AJ48: 2023 | AK48: 1 | AL48: 0 | AM48: 0 | AN48: 0
A49: 48 | B49: 113 | C49: Batang Kulur Kiri - Durian Landung | D49: batang kulur kiri – durian landung | E49: Batang Kulur Kiri, Paring Agung | F49: Sungai Raya | G49: 2 | H49: 1 | I49: 643 | J49: 0 | K49: 0 | L49: 1284.1 | M49: 1314.8 | N49: 6603.6 | O49: 516.5 | P49: 8275.5 | Q49: 0 | R49: 0 | S49: 0 | T49: 0 | U49: 0 | V49: 0.55 | W49: 3.5 | X49: 0 | Y49: 0 | Z49: 0 | AA49: 0.55 | AB49: 0 | AC49: 0 | AD49: 0 | AE49: 0 | AF49: 0.55 | AG49: 0 | AH49: 0 | AI49: 0 | AL49: 1 | AM49: 0 | AN49: 1
A50: 49 | B50: 154 | C50: Batu Laki - Muara Pipii | D50: batu laki – muara pipii | E50: Batu Laki | F50: Padang Batung | G50: 1 | H50: 1 | I50: 507 | J50: 0 | K50: 0 | L50: 22881.6 | M50: 18931.9 | N50: 25092 | O50: 4485.5 | P50: 24994.4 | Q50: 0 | R50: 0 | S50: 0 | T50: 0 | U50: 0 | V50: 4.27 | W50: 3.5 | X50: 4.27 | Y50: 0 | Z50: 0 | AA50: 0 | AB50: 0 | AC50: 0 | AD50: 0.6 | AE50: 0.47 | AF50: 3.2 | AG50: 0.14051522 | AH50: 0 | AI50: 0 | AL50: 0 | AM50: 0 | AN50: 0
A51: 50 | B51: 269 | C51: Bayampah - Tanuhi - Tugu Niih | D51: bayampah – tanuhi – tugu niih | E51: Hulu Banyu, Loksado, Tumingki | F51: Loksado | G51: 3 | H51: 1 | I51: 1058 | J51: 1 | K51: 0 | L51: 29266.8 | M51: 5229.2 | N51: 31477.2 | O51: 1499.1 | P51: 31379.5 | Q51: 0 | R51: 0 | S51: 0 | T51: 0 | U51: 0 | V51: 0.61 | W51: 3.5 | X51: 0.61 | Y51: 0 | Z51: 0 | AA51: 0 | AB51: 0 | AC51: 0 | AD51: 0 | AE51: 0.21 | AF51: 0.4 | AG51: 0 | AH51: 0 | AI51: 0 | AL51: 0 | AM51: 0 | AN51: 0
A52: 51 | B52: 289 | C52: Bayanan - Habirau Tengah | D52: bayanan – habirau tengah | E52: Bayanan, Habirau, Habirau Tengah, Parigi, Sungai Pinang, Tumbukan Banyu | F52: Daha Selatan | G52: 6 | H52: 1 | I52: 4606 | J52: 1 | K52: 0 | L52: 1430.4 | M52: 0 | N52: 2388.8 | O52: 114.3 | P52: 29002 | Q52: 0 | R52: 0 | S52: 0 | T52: 0 | U52: 0 | V52: 2.86 | W52: 3.5 | X52: 2.86 | Y52: 0 | Z52: 0 | AA52: 0 | AB52: 0 | AC52: 1.6 | AD52: 0 | AE52: 1.06 | AF52: 0.2 | AG52: 0.55944056 | AH52: 1 | AI52: 1 | AJ52: 2022 | AK52: 2 | AL52: 0 | AM52: 0 | AN52: 0
A53: 52 | B53: 306 | C53: Bayanan - Pihanin | D53: bayanan – pihanin | E53: Bayanan, Pandan Sari, Pihanin Raya | F53: Daha Selatan | G53: 3 | H53: 1 | I53: 2075 | J53: 0 | K53: 0 | L53: 1135.9 | M53: 1027.3 | N53: 705.3 | O53: 197.1 | P53: 27941.3 | Q53: 0 | R53: 0 | S53: 0 | T53: 0 | U53: 0 | V53: 2.21 | W53: 3.5 | X53: 2 | Y53: 0 | Z53: 0 | AA53: 0 | AB53: 0.21 | AC53: 0.6 | AD53: 0.4 | AE53: 0.8 | AF53: 0.41 | AG53: 0.45248869 | AH53: 0 | AI53: 0 | AL53: 0 | AM53: 0 | AN53: 0
A54: 53 | B54: 039 | C54: Bina Bakat | D54: bina bakat | E54: Tibung Raya | F54: Kandangan | G54: 1 | H54: 1 | I54: 938 | J54: 0 | K54: 0 | L54: 920.9 | M54: 1071 | N54: 1065.3 | O54: 210.7 | P54: 1034 | Q54: 0 | R54: 0 | S54: 0 | T54: 0 | U54: 0 | V54: 0.24 | W54: 3 | X54: 0.24 | Y54: 0 | Z54: 0 | AA54: 0 | AB54: 0 | AC54: 0.24 | AD54: 0 | AE54: 0 | AF54: 0 | AG54: 1 | AH54: 1 | AI54: 1 | AJ54: 2023 | AK54: 1 | AL54: 0 | AM54: 0 | AN54: 0
A55: 54 | B55: 250 | C55: Binjai (Sirih Hulu) - Ds. Seranggan | D55: binjai sirih hulu – desa seranggan | E55: Asam, Sirih Hulu | F55: Kalumpang, Sungai Raya | G55: 2 | H55: 2 | I55: 701 | J55: 0 | K55: 1 | L55: 6241.4 | M55: 5437 | N55: 12374.3 | O55: 1268.6 | P55: 13772.9 | Q55: 0 | R55: 0 | S55: 0 | T55: 0 | U55: 0 | V55: 4.34 | W55: 3.5 | X55: 4.34 | Y55: 0 | Z55: 0 | AA55: 0 | AB55: 0 | AC55: 1.54 | AD55: 2.6 | AE55: 0.2 | AF55: 0 | AG55: 0.95391705 | AH55: 0 | AI55: 0 | AL55: 0 | AM55: 0 | AN55: 0
A56: 55 | B56: 082 | C56: Biti - Sungai Kupang (Karya Bakti TNI) | D56: biti – sei kupang karya bakti tni | E56: Lungau, Sungai Kupang | F56: Kandangan | G56: 2 | H56: 1 | I56: 1848 | J56: 1 | K56: 0 | L56: 10112.4 | M56: 9359.8 | N56: 11521.3 | O56: 939 | P56: 9847.6 | Q56: 0 | R56: 0 | S56: 0 | T56: 0 | U56: 0 | V56: 1.82 | W56: 3 | X56: 1.72 | Y56: 0 | Z56: 0 | AA56: 0.1 | AB56: 0 | AC56: 0 | AD56: 0.82 | AE56: 0 | AF56: 1 | AG56: 0.45054945 | AH56: 0 | AI56: 0 | AL56: 1 | AM56: 0 | AN56: 1
A57: 56 | B57: 023 | C57: Brigjen Katamso | D57: brigjen katamso | E57: Kandangan Barat | F57: Kandangan | G57: 1 | H57: 1 | I57: 1874 | J57: 0 | K57: 0 | L57: 1351.3 | M57: 1894.4 | N57: 2726.1 | O57: 0 | P57: 1033 | Q57: 0 | R57: 0 | S57: 0 | T57: 0 | U57: 0 | V57: 0.35 | W57: 3.5 | X57: 0.35 | Y57: 0 | Z57: 0 | AA57: 0 | AB57: 0 | AC57: 0.35 | AD57: 0 | AE57: 0 | AF57: 0 | AG57: 1 | AH57: 0 | AI57: 0 | AL57: 0 | AM57: 0 | AN57: 0
A58: 57 | B58: 265 | C58: Bubuih - Ds. Halunuk | D58: bubuih – desa halunuk | E58: Halunuk | F58: Loksado | G58: 1 | H58: 1 | I58: 303 | J58: 0 | K58: 1 | L58: 14913.1 | M58: 10870.4 | N58: 17123.5 | O58: 390 | P58: 17025.9 | Q58: 0 | R58: 0 | S58: 0 | T58: 0 | U58: 0 | V58: 0.74 | W58: 3.5 | X58: 0.74 | Y58: 0 | Z58: 0 | AA58: 0 | AB58: 0 | AC58: 0 | AD58: 0.2 | AE58: 0.54 | AF58: 0 | AG58: 0.27027027 | AH58: 0 | AI58: 0 | AL58: 0 | AM58: 0 | AN58: 0
A59: 58 | B59: 278 | C59: Bubuih (Ds. Halunuk) - Kandihin | D59: bubuih desa halunuk – kandihin | E59: Halunuk | F59: Loksado | G59: 1 | H59: 1 | I59: 303 | J59: 0 | K59: 0 | L59: 16716.8 | M59: 12674.1 | N59: 18927.2 | O59: 1391.2 | P59: 18829.6 | Q59: 0 | R59: 0 | S59: 0 | T59: 0 | U59: 0 | V59: 2.93 | W59: 2 | X59: 0 | Y59: 0 | Z59: 2.93 | AA59: 0 | AB59: 0 | AC59: 0.4 | AD59: 0.2 | AE59: 2.13 | AF59: 0.2 | AG59: 0.20477816 | AH59: 1 | AI59: 1 | AJ59: 2023 | AK59: 1 | AL59: 0 | AM59: 0 | AN59: 0
A60: 59 | B60: 028 | C60: Budi Bakti - Tiga Desember | D60: budi bakti – tiga desember | E60: Amawang Kiri Muka, Kandangan Barat, Tibung Raya | F60: Kandangan | G60: 3 | H60: 1 | I60: 3551 | J60: 0 | K60: 1 | L60: 1491.2 | M60: 1641.3 | N60: 2153.7 | O60: 572.3 | P60: 1254.7 | Q60: 0 | R60: 0 | S60: 0 | T60: 0 | U60: 0 | V60: 0.81 | W60: 5 | X60: 0.81 | Y60: 0 | Z60: 0 | AA60: 0 | AB60: 0 | AC60: 0.81 | AD60: 0 | AE60: 0 | AF60: 0 | AG60: 1 | AH60: 0 | AI60: 0 | AL60: 0 | AM60: 0 | AN60: 0
A61: 60 | B61: 229 | C61: Buluh - Ds. Tebing Tinggi | D61: buluh – desa tebing tinggi | E61: Tebing Tinggi | F61: Simpur | G61: 1 | H61: 1 | I61: 404 | J61: 0 | K61: 1 | L61: 2436.5 | M61: 2727.7 | N61: 9356.3 | O61: 946.5 | P61: 10735.8 | Q61: 0 | R61: 0 | S61: 0 | T61: 0 | U61: 0 | V61: 1.28 | W61: 3.5 | X61: 0.4 | Y61: 0 | Z61: 0 | AA61: 0.88 | AB61: 0 | AC61: 0.4 | AD61: 0 | AE61: 0 | AF61: 0.88 | AG61: 0.3125 | AH61: 1 | AI61: 1 | AJ61: 2021 | AK61: 3 | AL61: 1 | AM61: 0 | AN61: 1
A62: 61 | B62: 092 | C62: Bumi Berkat - Mungkur Galah | D62: bumi berkat – mungkur galah | E62: Bumi Berkat | F62: Sungai Raya | G62: 1 | H62: 1 | I62: 259 | J62: 0 | K62: 0 | L62: 4463 | M62: 4493.7 | N62: 11634.9 | O62: 376.2 | P62: 13306.7 | Q62: 0 | R62: 0 | S62: 0 | T62: 0 | U62: 0 | V62: 1.51 | W62: 3 | X62: 1.51 | Y62: 0 | Z62: 0 | AA62: 0 | AB62: 0 | AC62: 1.51 | AD62: 0 | AE62: 0 | AF62: 0 | AG62: 1 | AH62: 0 | AI62: 0 | AL62: 1 | AM62: 1 | AN62: 0
A63: 62 | B63: 271 | C63: Buntu Muara Hatib - Bts. Kab. HST | D63: buntu muara hatib – bts kab hst | E63: Hulu Banyu | F63: Loksado | G63: 1 | H63: 1 | I63: 474 | J63: 1 | K63: 0 | L63: 26934.3 | M63: 8122.4 | N63: 29144.7 | O63: 1982.5 | P63: 29047.1 | Q63: 0 | R63: 0 | S63: 0 | T63: 0 | U63: 0 | V63: 1.16 | W63: 3.5 | X63: 1.16 | Y63: 0 | Z63: 0 | AA63: 0 | AB63: 0 | AC63: 1.16 | AD63: 0 | AE63: 0 | AF63: 0 | AG63: 1 | AH63: 0 | AI63: 0 | AL63: 0 | AM63: 0 | AN63: 0
A64: 63 | B64: 331 | C64: Cangkingan Herman | D64: cangkingan herman | E64: Panggandingan | F64: Daha Utara | G64: 1 | H64: 1 | I64: 633 | J64: 0 | K64: 0 | L64: 1258.9 | M64: 795.3 | N64: 2477.8 | O64: 0 | P64: 29090.9 | Q64: 0 | R64: 0 | S64: 0 | T64: 0 | U64: 0 | V64: 0.32 | W64: 3 | X64: 0.32 | Y64: 0 | Z64: 0 | AA64: 0 | AB64: 0 | AC64: 0.32 | AD64: 0 | AE64: 0 | AF64: 0 | AG64: 1 | AH64: 0 | AI64: 0 | AL64: 0 | AM64: 0 | AN64: 0
A65: 64 | B65: 015 | C65: Dahlia | D65: dahlia | E65: Kandangan Utara | F65: Kandangan | G65: 1 | H65: 1 | I65: 1142 | J65: 0 | K65: 0 | L65: 1768.8 | M65: 197.4 | N65: 3467.1 | O65: 0 | P65: 1604.2 | Q65: 0 | R65: 0 | S65: 0 | T65: 0 | U65: 0 | V65: 0.18 | W65: 3 | X65: 0.18 | Y65: 0 | Z65: 0 | AA65: 0 | AB65: 0 | AC65: 0 | AD65: 0.18 | AE65: 0 | AF65: 0 | AG65: 1 | AH65: 0 | AI65: 0 | AL65: 0 | AM65: 0 | AN65: 0
A66: 65 | B66: 280 | C66: Datar Belimbing - Muara Kitar | D66: datar belimbing – muara kitar | E66: Hulu Banyu, Lumpangi | F66: Loksado | G66: 2 | H66: 1 | I66: 859 | J66: 0 | K66: 0 | L66: 30227.2 | M66: 8413.6 | N66: 32437.6 | O66: 2459.5 | P66: 32339.9 | Q66: 0 | R66: 0 | S66: 0 | T66: 0 | U66: 0 | V66: 4.86 | W66: 1.5 | X66: 0 | Y66: 0 | Z66: 2.2 | AA66: 0.4 | AB66: 2.26 | AC66: 1.2 | AD66: 0 | AE66: 0.4 | AF66: 3.26 | AG66: 0.24691358 | AH66: 1 | AI66: 3 | AJ66: 2023 | AK66: 1 | AL66: 0 | AM66: 0 | AN66: 0
A67: 66 | B67: 033 | C67: DI. Panjaitan - Loklua | D67: di panjaitan – loklua | E67: Baluti, Tibung Raya | F67: Kandangan | G67: 2 | H67: 1 | I67: 2315 | J67: 0 | K67: 1 | L67: 454.9 | M67: 605 | N67: 1552.9 | O67: 35.3 | P67: 745.4 | Q67: 0 | R67: 0 | S67: 0 | T67: 0 | U67: 0 | V67: 0.41 | W67: 4.5 | X67: 0.41 | Y67: 0 | Z67: 0 | AA67: 0 | AB67: 0 | AC67: 0.41 | AD67: 0 | AE67: 0 | AF67: 0 | AG67: 1 | AH67: 0 | AI67: 0 | AL67: 0 | AM67: 0 | AN67: 0
A68: 67 | B68: 236 | C68: Ds. Kapuh Tengah (Menuju Majelis Talim) | D68: desa kapuh tengah menuju majelis talim | E68: Kapuh, Wasah Tengah | F68: Simpur | G68: 2 | H68: 1 | I68: 1247 | J68: 0 | K68: 0 | L68: 3193.6 | M68: 3103.3 | N68: 3164 | O68: 689.4 | P68: 4562.7 | Q68: 0 | R68: 0 | S68: 0 | T68: 0 | U68: 0 | V68: 0.6 | W68: 3.5 | X68: 0.6 | Y68: 0 | Z68: 0 | AA68: 0 | AB68: 0 | AC68: 0 | AD68: 0 | AE68: 0.6 | AF68: 0 | AG68: 0 | AH68: 0 | AI68: 0 | AL68: 0 | AM68: 0 | AN68: 0
A69: 68 | B69: 239 | C69: Firdaus - Ds. Kapuh | D69: firdaus – desa kapuh | E69: Kapuh | F69: Simpur | G69: 1 | H69: 1 | I69: 682 | J69: 0 | K69: 0 | L69: 2954.7 | M69: 2864.4 | N69: 3525 | O69: 916.8 | P69: 4923.6 | Q69: 0 | R69: 0 | S69: 0 | T69: 0 | U69: 0 | V69: 0.3 | W69: 3 | X69: 0.3 | Y69: 0 | Z69: 0 | AA69: 0 | AB69: 0 | AC69: 0.3 | AD69: 0 | AE69: 0 | AF69: 0 | AG69: 1 | AH69: 0 | AI69: 0 | AL69: 0 | AM69: 0 | AN69: 0
A70: 69 | B70: 162 | C70: Galuntang Tayub - Ds. Madang | D70: galuntang tayub – desa madang | E70: Madang | F70: Padang Batung | G70: 1 | H70: 1 | I70: 448 | J70: 0 | K70: 0 | L70: 7191.3 | M70: 7765.4 | N70: 11936 | O70: 1270.6 | P70: 10334.7 | Q70: 0 | R70: 0 | S70: 0 | T70: 0 | U70: 0 | V70: 2.36 | W70: 3 | X70: 0 | Y70: 0 | Z70: 0 | AA70: 2.36 | AB70: 0 | AC70: 0 | AD70: 0 | AE70: 0 | AF70: 2.36 | AG70: 0 | AH70: 0 | AI70: 0 | AL70: 0 | AM70: 0 | AN70: 0
A71: 70 | B71: 052 | C71: Gambah Dalam - Rantauan | D71: gambah dalam – rantauan | E71: Gambah Dalam, Gambah Luar | F71: Kandangan | G71: 2 | H71: 1 | I71: 1348 | J71: 1 | L71: 3498.6 | M71: 2163.2 | N71: 6008.8 | O71: 845 | P71: 4145.9 | Q71: 0 | R71: 0 | S71: 0 | T71: 0 | U71: 0 | V71: 1.52 | W71: 3 | X71: 1.52 | Y71: 0 | Z71: 0 | AA71: 0 | AB71: 0 | AC71: 0 | AD71: 1.52 | AE71: 0 | AF71: 0 | AG71: 1 | AH71: 1 | AI71: 1 | AJ71: 2023 | AK71: 1 | AL71: 0 | AM71: 0 | AN71: 0
A72: 71 | B72: 076 | C72: Gambah Dalam Barat - Mahulung | D72: gambah dalam barat – mahulung | E72: Gambah Dalam Barat, Taniran Selatan | F72: Angkinang, Kandangan | G72: 2 | H72: 2 | I72: 1084 | J72: 1 | K72: 0 | L72: 5501 | M72: 4435 | N72: 7855.4 | O72: 1269.8 | P72: 5992.5 | Q72: 0 | R72: 0 | S72: 0 | T72: 0 | U72: 0 | V72: 1.92 | W72: 3 | X72: 1.92 | Y72: 0 | Z72: 0 | AA72: 0 | AB72: 0 | AC72: 1.92 | AD72: 0 | AE72: 0 | AF72: 0 | AG72: 1 | AH72: 0 | AI72: 0 | AL72: 0 | AM72: 0 | AN72: 0
A73: 72 | B73: 053 | C73: Gambah Luar - Gambah Dalam | D73: gambah luar – gambah dalam | E73: Gambah Dalam, Gambah Luar Muka | F73: Kandangan | G73: 2 | H73: 1 | I73: 1637 | J73: 1 | K73: 1 | L73: 3537.8 | M73: 2014.8 | N73: 5299.5 | O73: 697.1 | P73: 3436.6 | Q73: 0 | R73: 0 | S73: 0 | T73: 0 | U73: 0 | V73: 1.29 | W73: 3 | X73: 1.29 | Y73: 0 | Z73: 0 | AA73: 0 | AB73: 0 | AC73: 1.29 | AD73: 0 | AE73: 0 | AF73: 0 | AG73: 1 | AH73: 0 | AI73: 0 | AL73: 0 | AM73: 0 | AN73: 0
A74: 73 | B74: 055 | C74: Gambah Luar - Sungai Kudung | D74: gambah luar – sei kudung | E74: Gambah Luar Muka | F74: Kandangan | G74: 1 | H74: 1 | I74: 775 | J74: 0 | K74: 1 | L74: 2824.3 | M74: 1429.3 | N74: 4911 | O74: 113.6 | P74: 3048.1 | Q74: 0 | R74: 0 | S74: 0 | T74: 0 | U74: 0 | V74: 0.89 | W74: 3.5 | X74: 0.89 | Y74: 0 | Z74: 0 | AA74: 0 | AB74: 0 | AC74: 0 | AD74: 0.89 | AE74: 0 | AF74: 0 | AG74: 1 | AH74: 1 | AI74: 1 | AJ74: 2023 | AK74: 1 | AL74: 0 | AM74: 0 | AN74: 0
A75: 74 | B75: 045 | C75: Gambir - Sp. Empat Lungau | D75: gambir – sp empat lungau | E75: Amawang Kiri, Lungau | F75: Kandangan | G75: 2 | H75: 1 | I75: 1503 | J75: 0 | K75: 0 | L75: 6491.8 | M75: 5365.4 | N75: 7507 | O75: 1638.9 | P75: 6173.5 | Q75: 0 | R75: 0 | S75: 0 | T75: 0 | U75: 0 | V75: 2.95 | W75: 3 | X75: 1.6 | Y75: 0 | Z75: 0 | AA75: 0 | AB75: 1.35 | AC75: 1.5 | AD75: 0 | AE75: 0 | AF75: 1.45 | AG75: 0.50847458 | AH75: 1 | AI75: 1 | AJ75: 2023 | AK75: 1 | AL75: 0 | AM75: 0 | AN75: 0
A76: 75 | B76: 330 | C76: Gang Bidan (Ds. Tambak Bitin) | D76: gang bidan desa tambak bitin | E76: Panggandingan, Tambak Bitin | F76: Daha Utara | G76: 2 | H76: 1 | I76: 1172 | J76: 0 | K76: 0 | L76: 1245.2 | M76: 609.9 | N76: 2464.1 | O76: 629.9 | P76: 29077.2 | Q76: 0 | R76: 0 | S76: 0 | T76: 0 | U76: 0 | V76: 0.57 | W76: 3 | X76: 0 | Y76: 0 | Z76: 0.1 | AA76: 0.47 | AB76: 0 | AC76: 0 | AD76: 0.1 | AE76: 0 | AF76: 0.47 | AG76: 0.1754386 | AH76: 1 | AI76: 3 | AJ76: 2023 | AK76: 1 | AL76: 1 | AM76: 0 | AN76: 1
A77: 76 | B77: 220 | C77: Garunggang - Hantamangu | D77: garunggang – hantamangu | E77: Garunggang | F77: Simpur | G77: 1 | H77: 1 | I77: 313 | J77: 0 | K77: 0 | L77: 1860.7 | M77: 2224.4 | N77: 7617.1 | O77: 1155.9 | P77: 8996.6 | Q77: 0 | R77: 0 | S77: 0 | T77: 0 | U77: 0 | V77: 1.16 | W77: 3 | X77: 1.1 | Y77: 0 | Z77: 0 | AA77: 0 | AB77: 0.06 | AC77: 0 | AD77: 0.9 | AE77: 0.2 | AF77: 0.06 | AG77: 0.77586207 | AH77: 1 | AI77: 3 | AJ77: 2023 | AK77: 1 | AL77: 0 | AM77: 0 | AN77: 0
A78: 77 | B78: 232 | C78: Gerilya - Ds. Simpur | D78: gerilya – desa simpur | E78: Simpur, Tebing Tinggi | F78: Simpur | G78: 2 | H78: 1 | I78: 827 | J78: 0 | K78: 1 | L78: 2082.5 | M78: 1257.4 | N78: 7886 | O78: 568.8 | P78: 9265.5 | Q78: 0 | R78: 0 | S78: 0 | T78: 0 | U78: 0 | V78: 0.52 | W78: 3 | X78: 0.52 | Y78: 0 | Z78: 0 | AA78: 0 | AB78: 0 | AC78: 0.52 | AD78: 0 | AE78: 0 | AF78: 0 | AG78: 1 | AH78: 0 | AI78: 0 | AL78: 0 | AM78: 0 | AN78: 0
A79: 78 | B79: 297 | C79: Gerilya / (Depan PUSTU Habirau) | D79: gerilya depan pustu habirau | E79: Habirau | F79: Daha Selatan | G79: 1 | H79: 1 | I79: 771 | J79: 0 | K79: 0 | L79: 2087.4 | M79: 657.1 | N79: 3045.9 | O79: 341.5 | P79: 29659 | Q79: 0 | R79: 0 | S79: 0 | T79: 0 | U79: 0 | V79: 0.24 | W79: 3.5 | X79: 0.24 | Y79: 0 | Z79: 0 | AA79: 0 | AB79: 0 | AC79: 0 | AD79: 0 | AE79: 0 | AF79: 0.24 | AG79: 0 | AH79: 0 | AI79: 0 | AL79: 0 | AM79: 0 | AN79: 0
A80: 79 | B80: 344 | C80: Goha - Ds. Amawang Kanan | D80: goha – desa amawang kanan | E80: Amawang Kanan | F80: Kandangan | G80: 1 | H80: 1 | I80: 630 | J80: 0 | K80: 0 | L80: 2508.7 | M80: 2658.7 | N80: 2185.2 | O80: 1236.8 | P80: 2363.7 | Q80: 0 | R80: 0 | S80: 0 | T80: 0 | U80: 0 | V80: 0.7 | W80: 3.5 | X80: 0 | Y80: 0 | Z80: 0 | AA80: 0.7 | AB80: 0 | AC80: 0 | AD80: 0 | AE80: 0 | AF80: 0.7 | AG80: 0 | AH80: 0 | AI80: 0 | AL80: 1 | AM80: 0 | AN80: 1
A81: 80 | B81: 196 | C81: Gumbil - Masimpan | D81: gumbil – masimpan | E81: Gumbil, Mandala | F81: Telaga Langsat | G81: 2 | H81: 1 | I81: 1110 | J81: 0 | K81: 0 | L81: 8342.9 | M81: 2875.1 | N81: 16421.6 | O81: 404.8 | P81: 14820.3 | Q81: 0 | R81: 0 | S81: 0 | T81: 0 | U81: 0 | V81: 5 | W81: 3 | X81: 5 | Y81: 0 | Z81: 0 | AA81: 0 | AB81: 0 | AC81: 5 | AD81: 0 | AE81: 0 | AF81: 0 | AG81: 1 | AH81: 1 | AI81: 1 | AJ81: 2023 | AK81: 1 | AL81: 1 | AM81: 1 | AN81: 0
A82: 81 | B82: 226 | C82: Guru H. Izim - Ds. Pantai Ulin | D82: guru h izim – desa pantai ulin | E82: Panjampang Bahagia, Pantai Ulin, Ulin | F82: Simpur | G82: 3 | H82: 1 | I82: 1775 | J82: 0 | K82: 0 | L82: 4802.4 | M82: 2469.6 | N82: 6511.4 | O82: 1016.5 | P82: 6676 | Q82: 0 | R82: 0 | S82: 0 | T82: 0 | U82: 0 | V82: 0.62 | W82: 3 | X82: 0.62 | Y82: 0 | Z82: 0 | AA82: 0 | AB82: 0 | AC82: 0 | AD82: 0 | AE82: 0 | AF82: 0.62 | AG82: 0 | AH82: 0 | AI82: 0 | AL82: 0 | AM82: 0 | AN82: 0
A83: 82 | B83: 074 | C83: H. Jarkasi - Ds. Sungai Paring | D83: h jarkasi – desa sei paring | E83: Sungai Paring | F83: Kandangan | G83: 1 | H83: 1 | I83: 576 | J83: 0 | K83: 1 | L83: 2541.1 | M83: 2421.3 | N83: 2900.2 | O83: 285.2 | P83: 2396.2 | Q83: 0 | R83: 0 | S83: 0 | T83: 0 | U83: 0 | V83: 0.12 | W83: 3 | X83: 0.12 | Y83: 0 | Z83: 0 | AA83: 0 | AB83: 0 | AC83: 0.12 | AD83: 0 | AE83: 0 | AF83: 0 | AG83: 1 | AH83: 0 | AI83: 0 | AL83: 0 | AM83: 0 | AN83: 0
A84: 83 | B84: 230 | C84: H. Saim Garunggang - Kalimput | D84: h saim garunggang – kalimput | E84: Garunggang | F84: Simpur | G84: 1 | H84: 1 | I84: 313 | J84: 0 | K84: 0 | L84: 2110.9 | M84: 1506.2 | N84: 7867.3 | O84: 817.5 | P84: 9246.8 | Q84: 0 | R84: 0 | S84: 0 | T84: 0 | U84: 0 | V84: 0.71 | W84: 3 | X84: 0.71 | Y84: 0 | Z84: 0 | AA84: 0 | AB84: 0 | AC84: 0.71 | AD84: 0 | AE84: 0 | AF84: 0 | AG84: 1 | AH84: 0 | AI84: 0 | AL84: 0 | AM84: 0 | AN84: 0
A85: 84 | B85: 314 | C85: H.M. Thaib | D85: h m thaib | E85: Baruh Kembang | F85: Daha Utara | G85: 1 | H85: 1 | I85: 870 | J85: 1 | K85: 0 | L85: 2175.7 | M85: 1937.1 | N85: 3394.6 | O85: 0 | P85: 30007.7 | Q85: 0 | R85: 0 | S85: 0 | T85: 0 | U85: 0 | V85: 0.35 | W85: 3 | X85: 0.35 | Y85: 0 | Z85: 0 | AA85: 0 | AB85: 0 | AC85: 0 | AD85: 0.2 | AE85: 0.15 | AF85: 0 | AG85: 0.57142857 | AH85: 0 | AI85: 0 | AL85: 0 | AM85: 0 | AN85: 0
A86: 85 | B86: 294 | C86: Habib | D86: habib | E86: Sungai Pinang | F86: Daha Selatan | G86: 1 | H86: 1 | I86: 706 | J86: 0 | K86: 0 | L86: 1239.3 | M86: 413.9 | N86: 2322 | O86: 75.5 | P86: 28935.1 | Q86: 0 | R86: 0 | S86: 0 | T86: 0 | U86: 0 | V86: 0.32 | W86: 3 | X86: 0.32 | Y86: 0 | Z86: 0 | AA86: 0 | AB86: 0 | AC86: 0 | AD86: 0 | AE86: 0.32 | AF86: 0 | AG86: 0 | AH86: 0 | AI86: 0 | AL86: 0 | AM86: 0 | AN86: 0
A87: 86 | B87: 319 | C87: Habib Ibrahim - Ds. Sei Mandala | D87: habib ibrahim – desa sei mandala | E87: Sungai Mandala | F87: Daha Utara | G87: 1 | H87: 1 | I87: 489 | J87: 1 | K87: 0 | L87: 609.3 | M87: 370.6 | N87: 1828.1 | O87: 75 | P87: 28441.3 | Q87: 0 | R87: 0 | S87: 0 | T87: 0 | U87: 0 | V87: 0.17 | W87: 3 | X87: 0.17 | Y87: 0 | Z87: 0 | AA87: 0 | AB87: 0 | AC87: 0 | AD87: 0 | AE87: 0 | AF87: 0.17 | AG87: 0 | AH87: 0 | AI87: 0 | AL87: 0 | AM87: 0 | AN87: 0
A88: 87 | B88: 337 | C88: Hakurung Dalam - Ds. Sungai Haji | D88: hakurung dalam – desa sei haji | E88: Hakurung | F88: Daha Utara | G88: 1 | H88: 1 | I88: 670 | J88: 0 | K88: 0 | L88: 9408.8283 | M88: 9355 | N88: 14749.7 | O88: 139.7 | P88: 41472.5 | Q88: 0 | R88: 0 | S88: 0 | T88: 0 | U88: 0 | V88: 0.57 | W88: 3 | X88: 0 | Y88: 0 | Z88: 0.57 | AA88: 0 | AB88: 0 | AC88: 0 | AD88: 0 | AE88: 0.57 | AF88: 0 | AG88: 0 | AH88: 0 | AI88: 0 | AL88: 0 | AM88: 0 | AN88: 0
A89: 88 | B89: 213 | C89: Halaban | D89: halaban | E89: Amparaya, Garunggang | F89: Simpur | G89: 2 | H89: 1 | I89: 903 | J89: 0 | K89: 0 | L89: 2999 | M89: 3569.4 | N89: 8755.4 | O89: 786 | P89: 9035.9 | Q89: 0 | R89: 0 | S89: 0 | T89: 0 | U89: 0 | V89: 2.12 | W89: 3.5 | X89: 1.6 | Y89: 0 | Z89: 0 | AA89: 0.52 | AB89: 0 | AC89: 0 | AD89: 0.4 | AE89: 0.6 | AF89: 1.12 | AG89: 0.18867925 | AH89: 1 | AI89: 3 | AJ89: 2023 | AK89: 1 | AL89: 0 | AM89: 0 | AN89: 0
A90: 89 | B90: 203 | C90: Halayung - Hantarukung | D90: halayung – hantarukung | E90: Ulin, Wasah Hilir | F90: Simpur | G90: 2 | H90: 1 | I90: 1354 | J90: 0 | K90: 0 | L90: 2693.7 | M90: 1953.7 | N90: 5995.5 | O90: 1377.9 | P90: 6160.2 | Q90: 0 | R90: 0 | S90: 0 | T90: 0 | U90: 0 | V90: 1.91 | W90: 3 | X90: 1.91 | Y90: 0 | Z90: 0 | AA90: 0 | AB90: 0 | AC90: 0 | AD90: 0 | AE90: 0.4 | AF90: 1.51 | AG90: 0 | AH90: 1 | AI90: 3 | AJ90: 2023 | AK90: 1 | AL90: 1 | AM90: 0 | AN90: 1
A91: 90 | B91: 266 | C91: Halunuk - Riam Tajam/Talo - Hamak Umpaya | D91: halunuk – riam tajam talo – hamak umpaya | E91: Halunuk, Hamak Utara, Panggungan | F91: Loksado, Telaga Langsat | G91: 3 | H91: 2 | I91: 810 | J91: 0 | K91: 1 | L91: 18029.7 | M91: 13987 | N91: 20240.1 | O91: 409.1 | P91: 20142.5 | Q91: 0 | R91: 0 | S91: 0 | T91: 0 | U91: 0 | V91: 7.78 | W91: 3 | X91: 5.88 | Y91: 0 | Z91: 0 | AA91: 1.9 | AB91: 0 | AC91: 0 | AD91: 4.78 | AE91: 1.1 | AF91: 1.9 | AG91: 0.61439589 | AH91: 0 | AI91: 0 | AL91: 1 | AM91: 0 | AN91: 1
A92: 91 | B92: 198 | C92: Hamak - Umbai | D92: hamak – umbai | E92: Hamak | F92: Telaga Langsat | G92: 1 | H92: 1 | I92: 166 | J92: 0 | K92: 0 | L92: 23529 | M92: 19486.3 | N92: 25739.4 | O92: 2928.3 | P92: 25641.8 | Q92: 0 | R92: 0 | S92: 0 | T92: 0 | U92: 0 | V92: 0.97 | W92: 1.5 | X92: 0 | Y92: 0 | Z92: 0.97 | AA92: 0 | AB92: 0 | AC92: 0.3 | AD92: 0 | AE92: 0 | AF92: 0.67 | AG92: 0.30927835 | AH92: 1 | AI92: 1 | AJ92: 2023 | AK92: 1 | AL92: 0 | AM92: 0 | AN92: 0
A93: 92 | B93: 197 | C93: Hamak Timur - Umpaya | D93: hamak timur – umpaya | E93: Hamak Timur, Hamak Utara | F93: Telaga Langsat | G93: 2 | H93: 1 | I93: 622 | J93: 0 | K93: 0 | L93: 20707.8 | M93: 16665 | N93: 22918.2 | O93: 1957.6 | P93: 22820.5 | Q93: 0 | R93: 0 | S93: 0 | T93: 0 | U93: 0 | V93: 4.19 | W93: 3 | X93: 4.19 | Y93: 0 | Z93: 0 | AA93: 0 | AB93: 0 | AC93: 0 | AD93: 2.99 | AE93: 1.2 | AF93: 0 | AG93: 0.71360382 | AH93: 0 | AI93: 0 | AL93: 1 | AM93: 1 | AN93: 0
A94: 93 | B94: 199 | C94: Hamak Utara - Samaragi | D94: hamak utara – samaragi | E94: Hamak Timur | F94: Telaga Langsat | G94: 1 | H94: 1 | I94: 251 | J94: 0 | K94: 0 | L94: 17179.1 | M94: 13136.4 | N94: 19389.5 | O94: 558.3 | P94: 19291.8 | Q94: 0 | R94: 0 | S94: 0 | T94: 0 | U94: 0 | V94: 0.3 | W94: 3 | X94: 0 | Y94: 0 | Z94: 0.2 | AA94: 0.1 | AB94: 0 | AC94: 0 | AD94: 0 | AE94: 0.2 | AF94: 0.1 | AG94: 0 | AH94: 0 | AI94: 0 | AL94: 0 | AM94: 0 | AN94: 0
A95: 94 | B95: 086 | C95: Hamalau - Anjiran | D95: hamalau – anjiran | E95: Hamalau, Telaga Bidadari | F95: Sungai Raya | G95: 2 | H95: 1 | I95: 1505 | J95: 0 | K95: 0 | L95: 2537.2 | M95: 2687.3 | N95: 910.5 | O95: 858.4 | P95: 2582.3 | Q95: 0 | R95: 0 | S95: 0 | T95: 0 | U95: 0 | V95: 0.9 | W95: 3 | X95: 0.9 | Y95: 0 | Z95: 0 | AA95: 0 | AB95: 0 | AC95: 0.5 | AD95: 0.4 | AE95: 0 | AF95: 0 | AG95: 1 | AH95: 1 | AI95: 1 | AJ95: 2023 | AK95: 1 | AL95: 1 | AM95: 1 | AN95: 0
A96: 95 | B96: 118 | C96: Hamalau - Asam Cangkok | D96: hamalau – asam cangkok | E96: Amawang Kanan, Telaga Bidadari | F96: Kandangan, Sungai Raya | G96: 2 | H96: 2 | I96: 1298 | J96: 0 | K96: 0 | L96: 2325.9 | M96: 2475.9 | N96: 1443.4 | O96: 1418.4 | P96: 2371 | Q96: 0 | R96: 0 | S96: 0 | T96: 0 | U96: 0 | V96: 1.43 | W96: 3 | X96: 1.43 | Y96: 0 | Z96: 0 | AA96: 0 | AB96: 0 | AC96: 1.43 | AD96: 0 | AE96: 0 | AF96: 0 | AG96: 1 | AH96: 0 | AI96: 0 | AL96: 0 | AM96: 0 | AN96: 0
A97: 96 | B97: 106 | C97: Hamalau - Ganda | D97: hamalau – ganda | E97: Baluti, Hamalau, Pahampangan | F97: Kandangan, Padang Batung, Sungai Raya | G97: 3 | H97: 3 | I97: 2554 | J97: 0 | K97: 0 | L97: 2409.4 | M97: 2559.5 | N97: 1239.3 | O97: 370.5 | P97: 2727.8 | Q97: 0 | R97: 0 | S97: 0 | T97: 0 | U97: 0 | V97: 1.17 | W97: 3.5 | X97: 1.17 | Y97: 0 | Z97: 0 | AA97: 0 | AB97: 0 | AC97: 0 | AD97: 0 | AE97: 1.17 | AF97: 0 | AG97: 0 | AH97: 1 | AI97: 1 | AJ97: 2023 | AK97: 1 | AL97: 1 | AM97: 0 | AN97: 1
A98: 97 | B98: 098 | C98: Hamalau - Pahampangan | D98: hamalau – pahampangan | E98: Hamalau, Karasikan | F98: Sungai Raya | G98: 2 | H98: 1 | I98: 1245 | J98: 0 | K98: 1 | L98: 2781.2 | M98: 2931.3 | N98: 1637.8 | O98: 705.9 | P98: 3099.5 | Q98: 0 | R98: 0 | S98: 0 | T98: 0 | U98: 0 | V98: 0.78 | W98: 3.5 | X98: 0 | Y98: 0 | Z98: 0 | AA98: 0.78 | AB98: 0 | AC98: 0 | AD98: 0 | AE98: 0 | AF98: 0.78 | AG98: 0 | AH98: 0 | AI98: 0 | AL98: 1 | AM98: 0 | AN98: 1
A99: 98 | B99: 102 | C99: Hamalau - Telaga Bidadari - Wasah Hilir | D99: hamalau – telaga bidadari – wasah hilir | E99: Hamalau, Kapuh, Telaga Bidadari, Wasah Hilir | F99: Simpur, Sungai Raya | G99: 4 | H99: 2 | I99: 2916 | J99: 0 | K99: 1 | L99: 2573.5 | M99: 2569.4 | N99: 3230 | O99: 535.6 | P99: 4628.6 | Q99: 0 | R99: 0 | S99: 0 | T99: 0 | U99: 0 | V99: 4.94 | W99: 3.5 | X99: 4.94 | Y99: 0 | Z99: 0 | AA99: 0 | AB99: 0 | AC99: 4.94 | AD99: 0 | AE99: 0 | AF99: 0 | AG99: 1 | AH99: 1 | AI99: 1 | AJ99: 2023 | AK99: 1 | AL99: 0 | AM99: 0 | AN99: 0
A100: 99 | B100: 334 | C100: Hamayung - Hakurung Dalam | D100: hamayung – hakurung dalam | E100: Hakurung, Hamayung | F100: Daha Utara | G100: 2 | H100: 1 | I100: 1435 | J100: 1 | K100: 0 | L100: 9408.8 | M100: 11892.5 | N100: 17293.2 | O100: 87.8 | P100: 43906.3 | Q100: 0 | R100: 0 | S100: 0 | T100: 0 | U100: 0 | V100: 4.1 | W100: 3 | X100: 0 | Y100: 0 | Z100: 2.4 | AA100: 0 | AB100: 1.7 | AC100: 0.4 | AD100: 0 | AE100: 2 | AF100: 1.7 | AG100: 0.097560976 | AH100: 1 | AI100: 2 | AJ100: 2023 | AK100: 1 | AL100: 0 | AM100: 0 | AN100: 0
...

Sheet model_2024_2025
A1: no | B1: nomor_ruas | C1: nama_ruas | D1: nama_ruas_norm | E1: desa_yang_dilalui | F1: kecamatan_yang_dilalui | G1: jumlah_desa_yang_dilalui | H1: jumlah_kecamatan_yang_dilalui | I1: jumlah_penduduk_dilayani | J1: terhubung_ruas_provinsi | K1: terhubung_ruas_nasional | L1: jarak_pasar_m | M1: jarak_puskesmas_m | N1: jarak_rsud_m | O1: jarak_sd_smp_m | P1: jarak_ibukota_m | Q1: akses_terputus_ibukota | R1: akses_terputus_pasar | S1: akses_terputus_puskesmas | T1: akses_terputus_rsud | U1: akses_terputus_sd_smp | V1: panjang_km_2024 | W1: lebar_m_2024 | X1: hotmix_km_2024 | Y1: lapen_km_2024 | Z1: beton_km_2024 | AA1: telford_kerikil_km_2024 | AB1: tanah_belum_tembus_km_2024 | AC1: baik_km_2024 | AD1: sedang_km_2024 | AE1: rusak_ringan_km_2024 | AF1: rusak_berat_km_2024 | AG1: jalan_mantap_pct_2024 | AH1: prior_handled_any_pre2025 | AI1: prior_handled_count_pre2025 | AJ1: prior_handled_last_year_pre2025 | AK1: years_since_last_handled_pre2025 | AL1: handled_any_2025 | AM1: handled_pl_2025 | AN1: handled_tender_2025
A2: 1 | B2: 035 | C2: AES Nasution | D2: aes nasution | E2: Baluti | F2: Kandangan | G2: 1 | H2: 1 | I2: 1377 | J2: 0 | K2: 0 | L2: 714.1 | M2: 954.7 | N2: 1467.1 | O2: 166.2 | P2: 395.8 | Q2: 0 | R2: 0 | S2: 0 | T2: 0 | U2: 0 | V2: 0.24 | W2: 3.5 | X2: 0.24 | Y2: 0 | Z2: 0 | AA2: 0 | AB2: 0 | AC2: 0.24 | AD2: 0 | AE2: 0 | AF2: 0 | AG2: 1 | AH2: 1 | AI2: 1 | AJ2: 2024 | AK2: 1 | AL2: 0 | AM2: 0 | AN2: 0
A3: 2 | B3: 234 | C3: Air Miris - Ds. Wasah Hilir | D3: air miris – desa wasah hilir | E3: Wasah Hilir, Wasah Tengah | F3: Simpur | G3: 2 | H3: 1 | I3: 1294 | J3: 0 | K3: 1 | L3: 961.1 | M3: 2012.5 | N3: 5681 | O3: 667.2 | P3: 6453.8 | Q3: 0 | R3: 0 | S3: 0 | T3: 0 | U3: 0 | V3: 1.06 | W3: 3 | X3: 1.06 | Y3: 0 | Z3: 0 | AA3: 0 | AB3: 0 | AC3: 1.06 | AD3: 0 | AE3: 0 | AF3: 0 | AG3: 1 | AH3: 0 | AI3: 0 | AL3: 0 | AM3: 0 | AN3: 0
A4: 3 | B4: 345 | C4: Al - Ikhlas - Ds. Baluti | D4: al – ikhlas – desa baluti | E4: Baluti, Tibung Raya | F4: Kandangan | G4: 2 | H4: 1 | I4: 2315 | J4: 0 | K4: 0 | L4: 1257.5 | M4: 1407.6 | N4: 1286.8 | O4: 425.9 | P4: 1575.8 | Q4: 0 | R4: 0 | S4: 0 | T4: 0 | U4: 0 | V4: 0.38 | W4: 3.5 | X4: 0.38 | Y4: 0 | Z4: 0 | AA4: 0 | AB4: 0 | AC4: 0.38 | AD4: 0 | AE4: 0 | AF4: 0 | AG4: 1 | AH4: 1 | AI4: 1 | AJ4: 2024 | AK4: 1 | AL4: 0 | AM4: 0 | AN4: 0
A5: 4 | B5: 008 | C5: Aluh Idut | D5: aluh idut | E5: Kandangan Barat, Kandangan Kota, Kandangan Utara | F5: Kandangan | G5: 3 | H5: 1 | I5: 6205 | J5: 0 | K5: 1 | L5: 1109.5 | M5: 461.8 | N5: 2807.8 | O5: 138.8 | P5: 944.9 | Q5: 0 | R5: 0 | S5: 0 | T5: 0 | U5: 0 | V5: 1.34 | W5: 5 | X5: 1.34 | Y5: 0 | Z5: 0 | AA5: 0 | AB5: 0 | AC5: 1.34 | AD5: 0 | AE5: 0 | AF5: 0 | AG5: 1 | AH5: 0 | AI5: 0 | AL5: 0 | AM5: 0 | AN5: 0
A6: 5 | B6: 032 | C6: Amawang Kanan - Wasah Hulu | D6: amawang kanan – wasah hulu | E6: Amawang Kanan, Wasah Hulu | F6: Kandangan, Simpur | G6: 2 | H6: 2 | I6: 1122 | J6: 0 | K6: 1 | L6: 3281 | M6: 1687.3 | N6: 2540.2 | O6: 459.8 | P6: 3136 | Q6: 0 | R6: 0 | S6: 0 | T6: 0 | U6: 0 | V6: 3.17 | W6: 3.5 | X6: 3.17 | Y6: 0 | Z6: 0 | AA6: 0 | AB6: 0 | AC6: 0 | AD6: 2.97 | AE6: 0.2 | AF6: 0 | AG6: 0.93690852 | AH6: 1 | AI6: 1 | AJ6: 2023 | AK6: 2 | AL6: 0 | AM6: 0 | AN6: 0
A7: 6 | B7: 031 | C7: Amawang Muka - Getek | D7: amawang muka – getek | E7: Amawang Kiri, Amawang Kiri Muka, Bariang, Sungai Paring | F7: Kandangan | G7: 4 | H7: 1 | I7: 2479 | J7: 0 | K7: 0 | L7: 4114.1 | M7: 3726.6 | N7: 5380 | O7: 191.1 | P7: 3795.8 | Q7: 0 | R7: 0 | S7: 0 | T7: 0 | U7: 0 | V7: 5.41 | W7: 3.5 | X7: 5.41 | Y7: 0 | Z7: 0 | AA7: 0 | AB7: 0 | AC7: 4.6 | AD7: 0.41 | AE7: 0.4 | AF7: 0 | AG7: 0.92606285 | AH7: 1 | AI7: 2 | AJ7: 2023 | AK7: 2 | AL7: 1 | AM7: 1 | AN7: 0
A8: 7 | B8: 149 | C8: Ambarai - Madang | D8: ambarai – madang | E8: Karang Jawa, Madang | F8: Padang Batung | G8: 2 | H8: 1 | I8: 1088 | J8: 0 | K8: 0 | L8: 2381.2 | M8: 3220.9 | N8: 7125.8 | O8: 1028.5 | P8: 5524.6 | Q8: 0 | R8: 0 | S8: 0 | T8: 0 | U8: 0 | V8: 1.74 | W8: 3.5 | X8: 1.74 | Y8: 0 | Z8: 0 | AA8: 0 | AB8: 0 | AC8: 1.74 | AD8: 0 | AE8: 0 | AF8: 0 | AG8: 1 | AH8: 1 | AI8: 1 | AJ8: 2024 | AK8: 1 | AL8: 0 | AM8: 0 | AN8: 0
A9: 8 | B9: 187 | C9: AMD - Ds. Lok Binuang | D9: amd – desa lok binuang | E9: Lok Binuang, Telaga Langsat | F9: Telaga Langsat | G9: 2 | H9: 1 | I9: 763 | J9: 0 | K9: 0 | L9: 4179.5 | M9: 2818.2 | N9: 13938.7 | O9: 1329.4 | P9: 12075.8 | Q9: 0 | R9: 0 | S9: 0 | T9: 0 | U9: 0 | V9: 1.57 | W9: 3.5 | X9: 0.2 | Y9: 0 | Z9: 0 | AA9: 1.37 | AB9: 0 | AC9: 0 | AD9: 0 | AE9: 0 | AF9: 1.57 | AG9: 0 | AH9: 0 | AI9: 0 | AL9: 0 | AM9: 0 | AN9: 0
A10: 9 | B10: 214 | C10: Amparaya - Karangan - Hanau | D10: amparaya – karangan – hanau | E10: Amparaya, Panjampang Bahagia | F10: Simpur | G10: 2 | H10: 1 | I10: 1032 | J10: 0 | K10: 0 | L10: 4608.7 | M10: 5179.2 | N10: 10259.5 | O10: 1207.7 | P10: 10424.2 | Q10: 0 | R10: 0 | S10: 0 | T10: 0 | U10: 0 | V10: 4.36 | W10: 3.5 | X10: 4.36 | Y10: 0 | Z10: 0 | AA10: 0 | AB10: 0 | AC10: 2.4 | AD10: 1.96 | AE10: 0 | AF10: 0 | AG10: 1 | AH10: 1 | AI10: 3 | AJ10: 2023 | AK10: 2 | AL10: 0 | AM10: 0 | AN10: 0
A11: 10 | B11: 011 | C11: Anggrek | D11: anggrek | E11: Kandangan Kota, Kandangan Utara | F11: Kandangan | G11: 2 | H11: 1 | I11: 4331 | J11: 0 | K11: 0 | L11: 781.6 | M11: 796.9 | N11: 2773.5 | O11: 196.3 | P11: 910.6 | Q11: 0 | R11: 0 | S11: 0 | T11: 0 | U11: 0 | V11: 0.23 | W11: 3 | X11: 0.23 | Y11: 0 | Z11: 0 | AA11: 0 | AB11: 0 | AC11: 0.23 | AD11: 0 | AE11: 0 | AF11: 0 | AG11: 1 | AH11: 1 | AI11: 1 | AJ11: 2023 | AK11: 2 | AL11: 0 | AM11: 0 | AN11: 0
A12: 11 | B12: 346 | C12: Angkakai - Ds. Amawang Kiri | D12: angkakai – desa amawang kiri | E12: Amawang Kiri | F12: Kandangan | G12: 1 | H12: 1 | I12: 786 | J12: 0 | K12: 0 | L12: 4664.3 | M12: 3176.4 | N12: 5196.4 | O12: 490.7 | P12: 4346 | Q12: 0 | R12: 0 | S12: 0 | T12: 0 | U12: 0 | V12: 0.4 | W12: 3.5 | X12: 0.4 | Y12: 0 | Z12: 0 | AA12: 0 | AB12: 0 | AC12: 0.4 | AD12: 0 | AE12: 0 | AF12: 0 | AG12: 1 | AH12: 0 | AI12: 0 | AL12: 0 | AM12: 0 | AN12: 0
A13: 12 | B13: 178 | C13: Angkinang - Kayu Abang - Panggang Hijau | D13: angkinang – kayu abang – panggang hijau | E13: Angkinang, Kayu Abang, Tawia | F13: Angkinang | G13: 3 | H13: 1 | I13: 2516 | J13: 0 | K13: 1 | L13: 4170.6 | M13: 4803.9 | N13: 12260.5 | O13: 1030.9 | P13: 10397.6 | Q13: 0 | R13: 0 | S13: 0 | T13: 0 | U13: 0 | V13: 7 | W13: 3 | X13: 5.4 | Y13: 0 | Z13: 0 | AA13: 0 | AB13: 1.6 | AC13: 1.6 | AD13: 1 | AE13: 2.3 | AF13: 2.1 | AG13: 0.37142857 | AH13: 1 | AI13: 3 | AJ13: 2024 | AK13: 1 | AL13: 0 | AM13: 0 | AN13: 0
A14: 13 | B14: 175 | C14: Angkinang - Telaga Langsat | D14: angkinang – telaga langsat | E14: Angkinang, Angkinang Selatan, Lok Binuang, Mandala, Telaga Langsat | F14: Angkinang, Telaga Langsat | G14: 5 | H14: 2 | I14: 2430 | J14: 0 | K14: 1 | L14: 2807.7 | M14: 2660.1 | N14: 12566.9 | O14: 42.4 | P14: 10704 | Q14: 0 | R14: 0 | S14: 0 | T14: 0 | U14: 0 | V14: 5.58 | W14: 3 | X14: 5.58 | Y14: 0 | Z14: 0 | AA14: 0 | AB14: 0 | AC14: 4.38 | AD14: 0.6 | AE14: 0.6 | AF14: 0 | AG14: 0.89247312 | AH14: 1 | AI14: 2 | AJ14: 2024 | AK14: 1 | AL14: 1 | AM14: 1 | AN14: 0
A15: 14 | B15: 172 | C15: Angkinang Selatan - Tawia - Wawaran | D15: angkinang selatan – tawia – wawaran | E15: Angkinang Selatan, Bakarung, Taniran Kubah, Tawia | F15: Angkinang | G15: 4 | H15: 1 | I15: 3114 | J15: 0 | K15: 0 | L15: 3473.9 | M15: 4541 | N15: 11563.7 | O15: 1798.1 | P15: 9700.8 | Q15: 0 | R15: 0 | S15: 0 | T15: 0 | U15: 0 | V15: 5.88 | W15: 3 | X15: 5.88 | Y15: 0 | Z15: 0 | AA15: 0 | AB15: 0 | AC15: 1.8 | AD15: 3 | AE15: 1.08 | AF15: 0 | AG15: 0.81632653 | AH15: 1 | AI15: 2 | AJ15: 2024 | AK15: 1 | AL15: 0 | AM15: 0 | AN15: 0
A16: 15 | B16: 347 | C16: Anjiran Rantauan - Ds. Taniran Tengah | D16: anjiran rantauan – desa taniran tengah | E16: Taniran Selatan | F16: Angkinang | G16: 1 | H16: 1 | I16: 545 | J16: 0 | K16: 1 | L16: 2869.7 | M16: 3143.5 | N16: 8536.5 | O16: 474.2 | P16: 6673.6 | Q16: 0 | R16: 0 | S16: 0 | T16: 0 | U16: 0 | V16: 1.21 | W16: 3.5 | X16: 1.21 | Y16: 0 | Z16: 0 | AA16: 0 | AB16: 0 | AC16: 0 | AD16: 0 | AE16: 0 | AF16: 1.21 | AG16: 0 | AH16: 0 | AI16: 0 | AL16: 0 | AM16: 0 | AN16: 0
A17: 16 | B17: 097 | C17: Asam Cangkuk - Telaga Bidadari | D17: asam cangkuk – telaga bidadari | E17: Amawang Kanan, Telaga Bidadari, Wasah Hulu | F17: Kandangan, Simpur, Sungai Raya | G17: 3 | H17: 3 | I17: 1790 | J17: 0 | K17: 0 | L17: 2965.8 | M17: 2977.4 | N17: 2083.4 | O17: 862.4 | P17: 3010.9 | Q17: 0 | R17: 0 | S17: 0 | T17: 0 | U17: 0 | V17: 0.83 | W17: 2 | X17: 0.83 | Y17: 0 | Z17: 0 | AA17: 0 | AB17: 0 | AC17: 0 | AD17: 0 | AE17: 0 | AF17: 0.83 | AG17: 0 | AH17: 0 | AI17: 0 | AL17: 0 | AM17: 0 | AN17: 0
A18: 17 | B18: 348 | C18: Asam Duhat - Ds. Pantai Ulin | D18: asam duhat – desa pantai ulin | E18: Pantai Ulin | F18: Simpur | G18: 1 | H18: 1 | I18: 708 | J18: 0 | K18: 0 | L18: 4362.9 | M18: 4148.6 | N18: 11085.9 | O18: 532.9 | P18: 7234.7 | Q18: 0 | R18: 0 | S18: 0 | T18: 0 | U18: 0 | V18: 1.11 | W18: 3.5 | X18: 0 | Y18: 0 | Z18: 0 | AA18: 1.11 | AB18: 0 | AC18: 0 | AD18: 0 | AE18: 0 | AF18: 1.11 | AG18: 0 | AH18: 1 | AI18: 2 | AJ18: 2023 | AK18: 2 | AL18: 0 | AM18: 0 | AN18: 0
A19: 18 | B19: 123 | C19: Asam Seranggan - Asam Tamiyang | D19: asam seranggan – asam tamiyang | E19: Asam, Tamiyang | F19: Sungai Raya | G19: 2 | H19: 1 | I19: 797 | J19: 0 | K19: 0 | L19: 7415 | M19: 4953 | N19: 8268.7 | O19: 979.8 | P19: 12484.5 | Q19: 0 | R19: 0 | S19: 0 | T19: 0 | U19: 0 | V19: 1.02 | W19: 3 | X19: 0 | Y19: 0 | Z19: 0 | AA19: 1.02 | AB19: 0 | AC19: 0 | AD19: 0 | AE19: 0 | AF19: 1.02 | AG19: 0 | AH19: 1 | AI19: 1 | AJ19: 2022 | AK19: 3 | AL19: 0 | AM19: 0 | AN19: 0
A20: 19 | B20: 238 | C20: At-Taubah - Ds. Kapuh | D20: at – taubah – desa kapuh | E20: Kapuh | F20: Simpur | G20: 1 | H20: 1 | I20: 682 | J20: 0 | K20: 0 | L20: 2565.8 | M20: 3045 | N20: 3705.6 | O20: 527.9 | P20: 5104.2 | Q20: 0 | R20: 0 | S20: 0 | T20: 0 | U20: 0 | V20: 0.47 | W20: 3 | X20: 0.47 | Y20: 0 | Z20: 0 | AA20: 0 | AB20: 0 | AC20: 0.47 | AD20: 0 | AE20: 0 | AF20: 0 | AG20: 1 | AH20: 0 | AI20: 0 | AL20: 0 | AM20: 0 | AN20: 0
A21: 20 | B21: 343 | C21: Badaun - Ds. Bjayau Lama | D21: badaun – desa bjayau lama | E21: Bajayau Lama | F21: Daha Barat | G21: 1 | H21: 1 | I21: 426 | J21: 0 | K21: 0 | O21: 612 | Q21: 1 | R21: 1 | S21: 1 | T21: 1 | U21: 0 | V21: 3.1 | W21: 3 | X21: 0 | Y21: 0 | Z21: 0 | AA21: 0 | AB21: 3.1 | AC21: 0 | AD21: 0 | AE21: 0 | AF21: 3.1 | AG21: 0 | AH21: 0 | AI21: 0 | AL21: 0 | AM21: 0 | AN21: 0
A22: 21 | B22: 249 | C22: Bago Tanggul - Katilang - Teratai | D22: bago tanggul – katilang – teratai | E22: Bago Tanggul, Balanti, Kalumpang, Karang Bulan | F22: Kalumpang | G22: 4 | H22: 1 | I22: 960 | J22: 0 | K22: 0 | L22: 10210.5 | M22: 7816.6 | N22: 20724.2 | O22: 161.6 | P22: 22103.7 | Q22: 0 | R22: 0 | S22: 0 | T22: 0 | U22: 0 | V22: 9.71 | W22: 4 | X22: 7.3 | Y22: 0 | Z22: 0 | AA22: 0 | AB22: 2.41 | AC22: 6.2 | AD22: 1 | AE22: 0.1 | AF22: 2.41 | AG22: 0.7415036 | AH22: 1 | AI22: 1 | AJ22: 2022 | AK22: 3 | AL22: 0 | AM22: 0 | AN22: 0
A23: 22 | B23: 069 | C23: Baiturrahim Parincahan | D23: baiturrahim parincahan | E23: Kandangan Barat | F23: Kandangan | G23: 1 | H23: 1 | I23: 1874 | J23: 0 | K23: 1 | L23: 2675.7 | M23: 2608.4 | N23: 4437.4 | O23: 935.9 | P23: 2574.5 | Q23: 0 | R23: 0 | S23: 0 | T23: 0 | U23: 0 | V23: 1.42 | W23: 3 | X23: 1.2 | Y23: 0 | Z23: 0 | AA23: 0.22 | AB23: 0 | AC23: 0 | AD23: 0.4 | AE23: 0.8 | AF23: 0.22 | AG23: 0.28169014 | AH23: 1 | AI23: 1 | AJ23: 2023 | AK23: 2 | AL23: 1 | AM23: 1 | AN23: 0
A24: 23 | B24: 340 | C24: Bajayau - Ds. Bajayau Tengah | D24: bajayau – desa bajayau tengah | E24: Bajayau, Bajayau Tengah | F24: Daha Barat | G24: 2 | H24: 1 | I24: 734 | J24: 0 | K24: 0 | L24: 3635.1 | M24: 1570.2 | N24: 17922.5 | O24: 1051.1 | Q24: 1 | R24: 0 | S24: 0 | T24: 0 | U24: 0 | V24: 7.58 | W24: 3.5 | X24: 2.8 | Y24: 0 | Z24: 0 | AA24: 0.4 | AB24: 4.38 | AC24: 2.4 | AD24: 0 | AE24: 0.2 | AF24: 4.98 | AG24: 0.31662269 | AH24: 1 | AI24: 1 | AJ24: 2023 | AK24: 2 | AL24: 1 | AM24: 0 | AN24: 1
A25: 24 | B25: 167 | C25: Bakarung - Rantauan | D25: bakarung – rantauan | E25: Bakarung, Gambah Dalam Barat, Gambah Luar, Taniran Selatan | F25: Angkinang, Kandangan | G25: 4 | H25: 2 | I25: 2506 | J25: 1 | K25: 1 | L25: 1752.4 | M25: 2792.8 | N25: 8362.7 | O25: 1550.7 | P25: 6499.8 | Q25: 0 | R25: 0 | S25: 0 | T25: 0 | U25: 0 | V25: 3.03 | W25: 3.5 | X25: 3.03 | Y25: 0 | Z25: 0 | AA25: 0 | AB25: 0 | AC25: 3.03 | AD25: 0 | AE25: 0 | AF25: 0 | AG25: 1 | AH25: 1 | AI25: 2 | AJ25: 2023 | AK25: 2 | AL25: 0 | AM25: 0 | AN25: 0
A26: 25 | B26: 179 | C26: Bakarung -Tabihi - Karang Jawa | D26: bakarung – tabihi – karang jawa | E26: Bakarung, Karang Jawa, Karang Jawa Muka, Tabihi | F26: Angkinang, Padang Batung | G26: 4 | H26: 2 | I26: 2766 | J26: 0 | K26: 1 | L26: 2678.7 | M26: 1551.4 | N26: 5058.9 | O26: 419.1 | P26: 3325.5 | Q26: 0 | R26: 0 | S26: 0 | T26: 0 | U26: 0 | V26: 4.57 | W26: 3.5 | X26: 4.57 | Y26: 0 | Z26: 0 | AA26: 0 | AB26: 0 | AC26: 0 | AD26: 4.57 | AE26: 0 | AF26: 0 | AG26: 1 | AH26: 1 | AI26: 1 | AJ26: 2023 | AK26: 2 | AL26: 1 | AM26: 0 | AN26: 1
A27: 26 | B27: 056 | C27: Bakarung Tengah - Karang Jawa | D27: bakarung tengah – karang jawa | E27: Gambah Luar, Gambah Luar Muka, Karang Jawa Muka | F27: Kandangan, Padang Batung | G27: 3 | H27: 2 | I27: 1780 | J27: 0 | K27: 1 | L27: 2368.5 | M27: 1835.5 | N27: 4559.7 | O27: 89.1 | P27: 2826.2 | Q27: 0 | R27: 0 | S27: 0 | T27: 0 | U27: 0 | V27: 3.77 | W27: 3.5 | X27: 3.77 | Y27: 0 | Z27: 0 | AA27: 0 | AB27: 0 | AC27: 0 | AD27: 3.77 | AE27: 0 | AF27: 0 | AG27: 1 | AH27: 1 | AI27: 3 | AJ27: 2023 | AK27: 2 | AL27: 0 | AM27: 0 | AN27: 0
A28: 27 | B28: 219 | C28: Balaimas - Hanau | D28: balaimas – hanau | E28: Panjampang Bahagia, Pantai Ulin | F28: Simpur | G28: 2 | H28: 1 | I28: 1150 | J28: 0 | K28: 0 | L28: 6620.7 | M28: 4762 | N28: 8803.8 | O28: 1614.2 | P28: 8968.5 | Q28: 0 | R28: 0 | S28: 0 | T28: 0 | U28: 0 | V28: 2.33 | W28: 3.5 | X28: 2.33 | Y28: 0 | Z28: 0 | AA28: 0 | AB28: 0 | AC28: 2.33 | AD28: 0 | AE28: 0 | AF28: 0 | AG28: 1 | AH28: 1 | AI28: 2 | AJ28: 2023 | AK28: 2 | AL28: 0 | AM28: 0 | AN28: 0
A29: 28 | B29: 251 | C29: Balanti - (Ex. P3DT) | D29: balanti – p3dt | E29: Balanti, Karang Bulan | F29: Kalumpang | G29: 2 | H29: 1 | I29: 426 | J29: 0 | K29: 0 | L29: 4304.7 | M29: 1910.8 | N29: 14818.3 | O29: 1026 | P29: 16197.8 | Q29: 0 | R29: 0 | S29: 0 | T29: 0 | U29: 0 | V29: 1.66 | W29: 3 | X29: 1.66 | Y29: 0 | Z29: 0 | AA29: 0 | AB29: 0 | AC29: 1.66 | AD29: 0 | AE29: 0 | AF29: 0 | AG29: 1 | AH29: 1 | AI29: 1 | AJ29: 2022 | AK29: 3 | AL29: 0 | AM29: 0 | AN29: 0
A30: 29 | B30: 256 | C30: Balimau - Murung Dalam | D30: balimau – murung dalam | E30: Balimau | F30: Kalumpang | G30: 1 | H30: 1 | I30: 310 | J30: 0 | K30: 0 | L30: 8506.9 | M30: 6113.1 | N30: 19020.6 | O30: 1650.5 | P30: 20400.1 | Q30: 0 | R30: 0 | S30: 0 | T30: 0 | U30: 0 | V30: 1.46 | W30: 2.5 | X30: 0 | Y30: 0 | Z30: 0 | AA30: 0 | AB30: 1.46 | AC30: 0 | AD30: 0 | AE30: 0 | AF30: 1.46 | AG30: 0 | AH30: 0 | AI30: 0 | AL30: 0 | AM30: 0 | AN30: 0
A31: 30 | B31: 040 | C31: Baluti - Jambu Hulu (Paku) | D31: baluti – jambu hulu paku | E31: Baluti, Jambu Hilir, Jambu Hulu | F31: Kandangan, Padang Batung | G31: 3 | H31: 2 | I31: 3778 | J31: 0 | K31: 1 | L31: 2296 | M31: 1621.3 | N31: 3589.2 | O31: 57.6 | P31: 2614.4 | Q31: 0 | R31: 0 | S31: 0 | T31: 0 | U31: 0 | V31: 4.07 | W31: 3.5 | X31: 4.07 | Y31: 0 | Z31: 0 | AA31: 0 | AB31: 0 | AC31: 0 | AD31: 4.07 | AE31: 0 | AF31: 0 | AG31: 1 | AH31: 1 | AI31: 1 | AJ31: 2023 | AK31: 2 | AL31: 0 | AM31: 0 | AN31: 0
A32: 31 | B32: 191 | C32: Bamban (Tibung) - Martajiwa | D32: bamban tibung – martajiwa | E32: Bamban | F32: Angkinang | G32: 1 | H32: 1 | I32: 499 | J32: 0 | K32: 0 | L32: 3513.6 | M32: 1365.5 | N32: 13272.8 | O32: 739.2 | P32: 11409.9 | Q32: 0 | R32: 0 | S32: 0 | T32: 0 | U32: 0 | V32: 0.66 | W32: 3 | X32: 0.1 | Y32: 0 | Z32: 0 | AA32: 0.56 | AB32: 0 | AC32: 0 | AD32: 0.1 | AE32: 0 | AF32: 0.56 | AG32: 0.15151515 | AH32: 0 | AI32: 0 | AL32: 0 | AM32: 0 | AN32: 0
A33: 32 | B33: 176 | C33: Bamban Selatan - Pakuan | D33: bamban selatan – pakuan | E33: Angkinang, Bamban Selatan, Pakuan Timur | F33: Angkinang, Telaga Langsat | G33: 3 | H33: 2 | I33: 1568 | J33: 0 | K33: 1 | L33: 2719.8 | M33: 2340.2 | N33: 12479 | O33: 1116.4 | P33: 10616.1 | Q33: 0 | R33: 0 | S33: 0 | T33: 0 | U33: 0 | V33: 2.09 | W33: 3 | X33: 2.09 | Y33: 0 | Z33: 0 | AA33: 0 | AB33: 0 | AC33: 0 | AD33: 2.09 | AE33: 0 | AF33: 0 | AG33: 1 | AH33: 1 | AI33: 2 | AJ33: 2024 | AK33: 1 | AL33: 1 | AM33: 1 | AN33: 0
A34: 33 | B34: 199 | C34: Bamban Selatan - Pakuan Balunan | D34: bamban selatan – pakuan balunan | E34: Bamban Selatan | F34: Angkinang | G34: 1 | H34: 1 | I34: 447 | J34: 0 | K34: 1 | L34: 3639.6 | M34: 2038.8 | N34: 13398.9 | O34: 865.2 | P34: 11536 | Q34: 0 | R34: 0 | S34: 0 | T34: 0 | U34: 0 | V34: 1.71 | W34: 3 | X34: 1.71 | Y34: 0 | Z34: 0 | AA34: 0 | AB34: 0 | AC34: 0.51 | AD34: 1.2 | AE34: 0 | AF34: 0 | AG34: 1 | AH34: 0 | AI34: 0 | AL34: 0 | AM34: 0 | AN34: 0
A35: 34 | B35: 174 | C35: Bamban Selatan - Tanggang - Panggang Hijau | D35: bamban selatan – tanggang – panggang hijau | E35: Bamban, Bamban Selatan, Kayu Abang | F35: Angkinang | G35: 3 | H35: 1 | I35: 1733 | J35: 0 | K35: 1 | L35: 4613.6 | M35: 2943.6 | N35: 13008.9 | O35: 1839.2 | P35: 11146 | Q35: 0 | R35: 0 | S35: 0 | T35: 0 | U35: 0 | V35: 3.58 | W35: 3 | X35: 1.1 | Y35: 0 | Z35: 0 | AA35: 2.48 | AB35: 0 | AC35: 0 | AD35: 1 | AE35: 0.1 | AF35: 2.48 | AG35: 0.27932961 | AH35: 0 | AI35: 0 | AL35: 0 | AM35: 0 | AN35: 0
A36: 35 | B36: 181 | C36: Bamban Tengah - Lok Nyiur | D36: bamban tengah – lok nyiur | E36: Bamban, Kayu Abang | F36: Angkinang | G36: 2 | H36: 1 | I36: 1286 | J36: 0 | K36: 1 | L36: 3704 | M36: 1555.9 | N36: 13463.2 | O36: 929.6 | P36: 11600.3 | Q36: 0 | R36: 0 | S36: 0 | T36: 0 | U36: 0 | V36: 1.26 | W36: 3.5 | X36: 1 | Y36: 0 | Z36: 0.26 | AA36: 0 | AB36: 0 | AC36: 0.2 | AD36: 0.6 | AE36: 0.2 | AF36: 0.26 | AG36: 0.63492063 | AH36: 0 | AI36: 0 | AL36: 0 | AM36: 0 | AN36: 0
A37: 36 | B37: 177 | C37: Bamban Utara - Longawang | D37: bamban utara – longawang | E37: Bamban Utara, Longawang, Pandulangan | F37: Angkinang, Telaga Langsat | G37: 3 | H37: 2 | I37: 1579 | J37: 0 | K37: 1 | L37: 4916.4 | M37: 1098.2 | N37: 14675.6 | O37: 222.1 | P37: 12812.7 | Q37: 0 | R37: 0 | S37: 0 | T37: 0 | U37: 0 | V37: 2.11 | W37: 3.5 | X37: 2.11 | Y37: 0 | Z37: 0 | AA37: 0 | AB37: 0 | AC37: 0 | AD37: 2.11 | AE37: 0 | AF37: 0 | AG37: 1 | AH37: 0 | AI37: 0 | AL37: 0 | AM37: 0 | AN37: 0
A38: 37 | B38: 112 | C38: Bangga TMMD | D38: bangga | E38: Telaga Bidadari | F38: Sungai Raya | G38: 1 | H38: 1 | I38: 668 | J38: 0 | K38: 0 | L38: 3386.3 | M38: 3536.4 | N38: 1759.6 | O38: 1501.9 | P38: 3431.5 | Q38: 0 | R38: 0 | S38: 0 | T38: 0 | U38: 0 | V38: 0.79 | W38: 3.5 | X38: 0.79 | Y38: 0 | Z38: 0 | AA38: 0 | AB38: 0 | AC38: 0 | AD38: 0 | AE38: 0.79 | AF38: 0 | AG38: 0 | AH38: 0 | AI38: 0 | AL38: 0 | AM38: 0 | AN38: 0
A39: 38 | B39: 341 | C39: Banua Hanyar - Ds. Tanjung Selor | D39: banua hanyar – desa tanjung selor | E39: Banua Hanyar, Tanjung Selor | F39: Daha Barat, Daha Selatan | G39: 2 | H39: 2 | I39: 1716 | J39: 0 | K39: 0 | Q39: 1 | R39: 1 | S39: 1 | T39: 1 | U39: 1 | V39: 5.61 | W39: 3 | X39: 0 | Y39: 0 | Z39: 0 | AA39: 0 | AB39: 5.61 | AC39: 0 | AD39: 0 | AE39: 0 | AF39: 5.61 | AG39: 0 | AH39: 0 | AI39: 0 | AL39: 0 | AM39: 0 | AN39: 0
A40: 39 | B40: 243 | C40: Banua Kambang - Ds. Wasah Tengah | D40: banua kambang – desa wasah tengah | E40: Wasah Hulu, Wasah Tengah | F40: Simpur | G40: 2 | H40: 1 | I40: 1057 | J40: 0 | K40: 1 | L40: 2640.6 | M40: 1440.1 | N40: 3946.6 | O40: 946.5 | P40: 4542.4 | Q40: 0 | R40: 0 | S40: 0 | T40: 0 | U40: 0 | V40: 1.39 | W40: 3 | X40: 1.39 | Y40: 0 | Z40: 0 | AA40: 0 | AB40: 0 | AC40: 1.39 | AD40: 0 | AE40: 0 | AF40: 0 | AG40: 1 | AH40: 1 | AI40: 1 | AJ40: 2024 | AK40: 1 | AL40: 0 | AM40: 0 | AN40: 0
A41: 40 | B41: 050 | C41: Banyu Barau - Sei Kalang | D41: banyu barau – sei kalang | E41: Kandangan Barat | F41: Kandangan | G41: 1 | H41: 1 | I41: 1874 | J41: 0 | K41: 1 | L41: 2875.3 | M41: 2807.9 | N41: 4548 | O41: 991.5 | P41: 2685.1 | Q41: 0 | R41: 0 | S41: 0 | T41: 0 | U41: 0 | V41: 2.1 | W41: 3 | X41: 2.1 | Y41: 0 | Z41: 0 | AA41: 0 | AB41: 0 | AC41: 0 | AD41: 2.1 | AE41: 0 | AF41: 0 | AG41: 1 | AH41: 1 | AI41: 1 | AJ41: 2023 | AK41: 2 | AL41: 1 | AM41: 0 | AN41: 1
A42: 41 | B42: 046 | C42: Bariang - Getek | D42: bariang – getek | E42: Amawang Kiri, Amawang Kiri Muka, Bariang | F42: Kandangan | G42: 3 | H42: 1 | I42: 1903 | J42: 0 | K42: 0 | L42: 3312.2 | M42: 3299.3 | N42: 3671.3 | O42: 922.4 | P42: 3167.3 | Q42: 0 | R42: 0 | S42: 0 | T42: 0 | U42: 0 | V42: 1.24 | W42: 3 | X42: 1.24 | Y42: 0 | Z42: 0 | AA42: 0 | AB42: 0 | AC42: 0 | AD42: 1.24 | AE42: 0 | AF42: 0 | AG42: 1 | AH42: 0 | AI42: 0 | AL42: 0 | AM42: 0 | AN42: 0
A43: 42 | B43: 075 | C43: Bariang - Patigan | D43: bariang – patigan | E43: Amawang Kiri, Bariang | F43: Kandangan | G43: 2 | H43: 1 | I43: 1164 | J43: 0 | K43: 0 | L43: 4064.3 | M43: 3949.4 | N43: 4423.4 | O43: 897 | P43: 3919.4 | Q43: 0 | R43: 0 | S43: 0 | T43: 0 | U43: 0 | V43: 1.63 | W43: 3 | X43: 1.63 | Y43: 0 | Z43: 0 | AA43: 0 | AB43: 0 | AC43: 0.6 | AD43: 1.03 | AE43: 0 | AF43: 0 | AG43: 1 | AH43: 0 | AI43: 0 | AL43: 0 | AM43: 0 | AN43: 0
A44: 43 | B44: 125 | C44: Baru - Asam Desa Baru | D44: baru – asam desa baru | E44: Asam, Baru (Sungai Raya) | F44: Sungai Raya | G44: 2 | H44: 1 | I44: 743 | J44: 0 | K44: 0 | L44: 3233.4 | M44: 3264.1 | N44: 10405.2 | O44: 1686.5 | P44: 12077.1 | Q44: 0 | R44: 0 | S44: 0 | T44: 0 | U44: 0 | V44: 1.32 | W44: 3 | X44: 1.32 | Y44: 0 | Z44: 0 | AA44: 0 | AB44: 0 | AC44: 0 | AD44: 1.32 | AE44: 0 | AF44: 0 | AG44: 1 | AH44: 1 | AI44: 2 | AJ44: 2024 | AK44: 1 | AL44: 0 | AM44: 0 | AN44: 0
A45: 44 | B45: 339 | C45: Baru - Ds. Bajayau | D45: baru – desa bajayau | E45: Baru (Daha Barat) | F45: Daha Barat | G45: 1 | H45: 1 | I45: 330 | J45: 0 | K45: 0 | L45: 3131.6 | M45: 5196.5 | N45: 11050 | O45: 1557.1 | P45: 41329.6 | Q45: 0 | R45: 0 | S45: 0 | T45: 0 | U45: 0 | V45: 2.33 | W45: 4 | X45: 0 | Y45: 0 | Z45: 0 | AA45: 2.33 | AB45: 0 | AC45: 0 | AD45: 0 | AE45: 0 | AF45: 2.33 | AG45: 0 | AH45: 1 | AI45: 2 | AJ45: 2024 | AK45: 1 | AL45: 0 | AM45: 0 | AN45: 0
A46: 45 | B46: 130 | C46: Batang Kulur Kanan - Batang Kulur Kiri | D46: batang kulur kanan – batang kulur kiri | E46: Batang Kulur Kiri, Batang Kulur Tengah | F46: Sungai Raya | G46: 2 | H46: 1 | I46: 459 | J46: 0 | K46: 0 | L46: 1554.6 | M46: 1585.3 | N46: 6402 | O46: 1197.5 | P46: 8073.9 | Q46: 0 | R46: 0 | S46: 0 | T46: 0 | U46: 0 | V46: 0.82 | W46: 3.5 | X46: 0 | Y46: 0 | Z46: 0 | AA46: 0.82 | AB46: 0 | AC46: 0 | AD46: 0 | AE46: 0 | AF46: 0.82 | AG46: 0 | AH46: 0 | AI46: 0 | AL46: 0 | AM46: 0 | AN46: 0
A47: 46 | B47: 129 | C47: Batang Kulur Kanan - Bumi Berkat (Kisung) | D47: batang kulur kanan – bumi berkat kisung | E47: Batang Kulur Kanan, Bumi Berkat | F47: Sungai Raya | G47: 2 | H47: 1 | I47: 527 | J47: 0 | K47: 0 | L47: 4542.8 | M47: 4573.5 | N47: 11710.7 | O47: 2035.2 | P47: 13382.6 | Q47: 0 | R47: 0 | S47: 0 | T47: 0 | U47: 0 | V47: 1.61 | W47: 3 | X47: 1.61 | Y47: 0 | Z47: 0 | AA47: 0 | AB47: 0 | AC47: 0 | AD47: 0 | AE47: 0 | AF47: 1.61 | AG47: 0 | AH47: 0 | AI47: 0 | AL47: 0 | AM47: 0 | AN47: 0
A48: 47 | B48: 091 | C48: Batang Kulur Kanan - Sarangan | D48: batang kulur kanan – sarangan | E48: Batang Kulur Kanan, Ida Manggala | F48: Sungai Raya | G48: 2 | H48: 1 | I48: 751 | J48: 0 | K48: 0 | L48: 1424.6 | M48: 1455.3 | N48: 8596.5 | O48: 1082.9 | P48: 10268.4 | Q48: 0 | R48: 0 | S48: 0 | T48: 0 | U48: 0 | V48: 2.18 | W48: 3 | X48: 2.18 | Y48: 0 | Z48: 0 | AA48: 0 | AB48: 0 | AC48: 0 | AD48: 1.98 | AE48: 0.2 | AF48: 0 | AG48: 0.90825688 | AH48: 1 | AI48: 2 | AJ48: 2023 | AK48: 2 | AL48: 0 | AM48: 0 | AN48: 0
A49: 48 | B49: 113 | C49: Batang Kulur Kiri - Durian Landung | D49: batang kulur kiri – durian landung | E49: Batang Kulur Kiri, Paring Agung | F49: Sungai Raya | G49: 2 | H49: 1 | I49: 643 | J49: 0 | K49: 0 | L49: 1284.1 | M49: 1314.8 | N49: 6603.6 | O49: 516.5 | P49: 8275.5 | Q49: 0 | R49: 0 | S49: 0 | T49: 0 | U49: 0 | V49: 0.55 | W49: 3.5 | X49: 0.55 | Y49: 0 | Z49: 0 | AA49: 0 | AB49: 0 | AC49: 0.55 | AD49: 0 | AE49: 0 | AF49: 0 | AG49: 1 | AH49: 1 | AI49: 1 | AJ49: 2024 | AK49: 1 | AL49: 0 | AM49: 0 | AN49: 0
A50: 49 | B50: 154 | C50: Batu Laki - Muara Pipii | D50: batu laki – muara pipii | E50: Batu Laki | F50: Padang Batung | G50: 1 | H50: 1 | I50: 507 | J50: 0 | K50: 0 | L50: 22881.6 | M50: 18931.9 | N50: 25092 | O50: 4485.5 | P50: 24994.4 | Q50: 0 | R50: 0 | S50: 0 | T50: 0 | U50: 0 | V50: 4.27 | W50: 3.5 | X50: 4.27 | Y50: 0 | Z50: 0 | AA50: 0 | AB50: 0 | AC50: 0 | AD50: 0.2 | AE50: 0.4 | AF50: 3.67 | AG50: 0.046838407 | AH50: 0 | AI50: 0 | AL50: 0 | AM50: 0 | AN50: 0
A51: 50 | B51: 269 | C51: Bayampah - Tanuhi - Tugu Niih | D51: bayampah – tanuhi – tugu niih | E51: Hulu Banyu, Loksado, Tumingki | F51: Loksado | G51: 3 | H51: 1 | I51: 1058 | J51: 1 | K51: 0 | L51: 29266.8 | M51: 5229.2 | N51: 31477.2 | O51: 1499.1 | P51: 31379.5 | Q51: 0 | R51: 0 | S51: 0 | T51: 0 | U51: 0 | V51: 0.61 | W51: 3.5 | X51: 0.61 | Y51: 0 | Z51: 0 | AA51: 0 | AB51: 0 | AC51: 0 | AD51: 0.2 | AE51: 0 | AF51: 0.41 | AG51: 0.32786885 | AH51: 0 | AI51: 0 | AL51: 0 | AM51: 0 | AN51: 0
A52: 51 | B52: 289 | C52: Bayanan - Habirau Tengah | D52: bayanan – habirau tengah | E52: Bayanan, Habirau, Habirau Tengah, Parigi, Sungai Pinang, Tumbukan Banyu | F52: Daha Selatan | G52: 6 | H52: 1 | I52: 4606 | J52: 1 | K52: 0 | L52: 1430.4 | M52: 0 | N52: 2388.8 | O52: 114.3 | P52: 29002 | Q52: 0 | R52: 0 | S52: 0 | T52: 0 | U52: 0 | V52: 2.86 | W52: 3.5 | X52: 2.86 | Y52: 0 | Z52: 0 | AA52: 0 | AB52: 0 | AC52: 1.6 | AD52: 0 | AE52: 1.06 | AF52: 0.2 | AG52: 0.55944056 | AH52: 1 | AI52: 1 | AJ52: 2022 | AK52: 3 | AL52: 0 | AM52: 0 | AN52: 0
A53: 52 | B53: 306 | C53: Bayanan - Pihanin | D53: bayanan – pihanin | E53: Bayanan, Pandan Sari, Pihanin Raya | F53: Daha Selatan | G53: 3 | H53: 1 | I53: 2075 | J53: 0 | K53: 0 | L53: 1135.9 | M53: 1027.3 | N53: 705.3 | O53: 197.1 | P53: 27941.3 | Q53: 0 | R53: 0 | S53: 0 | T53: 0 | U53: 0 | V53: 2.21 | W53: 3.5 | X53: 2.1 | Y53: 0 | Z53: 0 | AA53: 0 | AB53: 0.11 | AC53: 0 | AD53: 0.9 | AE53: 0.8 | AF53: 0.51 | AG53: 0.40723982 | AH53: 0 | AI53: 0 | AL53: 0 | AM53: 0 | AN53: 0
A54: 53 | B54: 039 | C54: Bina Bakat | D54: bina bakat | E54: Tibung Raya | F54: Kandangan | G54: 1 | H54: 1 | I54: 938 | J54: 0 | K54: 0 | L54: 920.9 | M54: 1071 | N54: 1065.3 | O54: 210.7 | P54: 1034 | Q54: 0 | R54: 0 | S54: 0 | T54: 0 | U54: 0 | V54: 0.24 | W54: 3 | X54: 0.24 | Y54: 0 | Z54: 0 | AA54: 0 | AB54: 0 | AC54: 0.24 | AD54: 0 | AE54: 0 | AF54: 0 | AG54: 1 | AH54: 1 | AI54: 1 | AJ54: 2023 | AK54: 2 | AL54: 0 | AM54: 0 | AN54: 0
A55: 54 | B55: 250 | C55: Binjai (Sirih Hulu) - Ds. Seranggan | D55: binjai sirih hulu – desa seranggan | E55: Asam, Sirih Hulu | F55: Kalumpang, Sungai Raya | G55: 2 | H55: 2 | I55: 701 | J55: 0 | K55: 1 | L55: 6241.4 | M55: 5437 | N55: 12374.3 | O55: 1268.6 | P55: 13772.9 | Q55: 0 | R55: 0 | S55: 0 | T55: 0 | U55: 0 | V55: 4.34 | W55: 3.5 | X55: 4.34 | Y55: 0 | Z55: 0 | AA55: 0 | AB55: 0 | AC55: 1.74 | AD55: 2.2 | AE55: 0.4 | AF55: 0 | AG55: 0.9078341 | AH55: 0 | AI55: 0 | AL55: 0 | AM55: 0 | AN55: 0
A56: 55 | B56: 082 | C56: Biti - Sungai Kupang (Karya Bakti TNI) | D56: biti – sei kupang karya bakti tni | E56: Lungau, Sungai Kupang | F56: Kandangan | G56: 2 | H56: 1 | I56: 1848 | J56: 1 | K56: 0 | L56: 10112.4 | M56: 9359.8 | N56: 11521.3 | O56: 939 | P56: 9847.6 | Q56: 0 | R56: 0 | S56: 0 | T56: 0 | U56: 0 | V56: 1.82 | W56: 3 | X56: 1.82 | Y56: 0 | Z56: 0 | AA56: 0 | AB56: 0 | AC56: 0.8 | AD56: 0.4 | AE56: 0.62 | AF56: 0 | AG56: 0.65934066 | AH56: 1 | AI56: 1 | AJ56: 2024 | AK56: 1 | AL56: 0 | AM56: 0 | AN56: 0
A57: 56 | B57: 023 | C57: Brigjen Katamso | D57: brigjen katamso | E57: Kandangan Barat | F57: Kandangan | G57: 1 | H57: 1 | I57: 1874 | J57: 0 | K57: 0 | L57: 1351.3 | M57: 1894.4 | N57: 2726.1 | O57: 0 | P57: 1033 | Q57: 0 | R57: 0 | S57: 0 | T57: 0 | U57: 0 | V57: 0.35 | W57: 3.5 | X57: 0.35 | Y57: 0 | Z57: 0 | AA57: 0 | AB57: 0 | AC57: 0.15 | AD57: 0.2 | AE57: 0 | AF57: 0 | AG57: 1 | AH57: 0 | AI57: 0 | AL57: 0 | AM57: 0 | AN57: 0
A58: 57 | B58: 265 | C58: Bubuih - Ds. Halunuk | D58: bubuih – desa halunuk | E58: Halunuk | F58: Loksado | G58: 1 | H58: 1 | I58: 303 | J58: 0 | K58: 1 | L58: 14913.1 | M58: 10870.4 | N58: 17123.5 | O58: 390 | P58: 17025.9 | Q58: 0 | R58: 0 | S58: 0 | T58: 0 | U58: 0 | V58: 0.74 | W58: 3.5 | X58: 0.74 | Y58: 0 | Z58: 0 | AA58: 0 | AB58: 0 | AC58: 0 | AD58: 0 | AE58: 0.34 | AF58: 0.4 | AG58: 0 | AH58: 0 | AI58: 0 | AL58: 0 | AM58: 0 | AN58: 0
A59: 58 | B59: 278 | C59: Bubuih (Ds. Halunuk) - Kandihin | D59: bubuih desa halunuk – kandihin | E59: Halunuk | F59: Loksado | G59: 1 | H59: 1 | I59: 303 | J59: 0 | K59: 0 | L59: 16716.8 | M59: 12674.1 | N59: 18927.2 | O59: 1391.2 | P59: 18829.6 | Q59: 0 | R59: 0 | S59: 0 | T59: 0 | U59: 0 | V59: 2.93 | W59: 2 | X59: 0 | Y59: 0 | Z59: 2.93 | AA59: 0 | AB59: 0 | AC59: 0 | AD59: 0.4 | AE59: 1.53 | AF59: 1 | AG59: 0.13651877 | AH59: 1 | AI59: 1 | AJ59: 2023 | AK59: 2 | AL59: 0 | AM59: 0 | AN59: 0
A60: 59 | B60: 028 | C60: Budi Bakti - Tiga Desember | D60: budi bakti – tiga desember | E60: Amawang Kiri Muka, Kandangan Barat, Tibung Raya | F60: Kandangan | G60: 3 | H60: 1 | I60: 3551 | J60: 0 | K60: 1 | L60: 1491.2 | M60: 1641.3 | N60: 2153.7 | O60: 572.3 | P60: 1254.7 | Q60: 0 | R60: 0 | S60: 0 | T60: 0 | U60: 0 | V60: 0.81 | W60: 5 | X60: 0.81 | Y60: 0 | Z60: 0 | AA60: 0 | AB60: 0 | AC60: 0 | AD60: 0.81 | AE60: 0 | AF60: 0 | AG60: 1 | AH60: 0 | AI60: 0 | AL60: 0 | AM60: 0 | AN60: 0
A61: 60 | B61: 229 | C61: Buluh - Ds. Tebing Tinggi | D61: buluh – desa tebing tinggi | E61: Tebing Tinggi | F61: Simpur | G61: 1 | H61: 1 | I61: 404 | J61: 0 | K61: 1 | L61: 2436.5 | M61: 2727.7 | N61: 9356.3 | O61: 946.5 | P61: 10735.8 | Q61: 0 | R61: 0 | S61: 0 | T61: 0 | U61: 0 | V61: 1.28 | W61: 3.5 | X61: 0.6 | Y61: 0 | Z61: 0 | AA61: 0.68 | AB61: 0 | AC61: 0.6 | AD61: 0 | AE61: 0 | AF61: 0.68 | AG61: 0.46875 | AH61: 1 | AI61: 2 | AJ61: 2024 | AK61: 1 | AL61: 0 | AM61: 0 | AN61: 0
A62: 61 | B62: 092 | C62: Bumi Berkat - Mungkur Galah | D62: bumi berkat – mungkur galah | E62: Bumi Berkat | F62: Sungai Raya | G62: 1 | H62: 1 | I62: 259 | J62: 0 | K62: 0 | L62: 4463 | M62: 4493.7 | N62: 11634.9 | O62: 376.2 | P62: 13306.7 | Q62: 0 | R62: 0 | S62: 0 | T62: 0 | U62: 0 | V62: 1.51 | W62: 3 | X62: 1.51 | Y62: 0 | Z62: 0 | AA62: 0 | AB62: 0 | AC62: 0 | AD62: 1.2 | AE62: 0.2 | AF62: 0.11 | AG62: 0.79470199 | AH62: 1 | AI62: 1 | AJ62: 2024 | AK62: 1 | AL62: 1 | AM62: 1 | AN62: 0
A63: 62 | B63: 271 | C63: Buntu Muara Hatib - Bts. Kab. HST | D63: buntu muara hatib – bts kab hst | E63: Hulu Banyu | F63: Loksado | G63: 1 | H63: 1 | I63: 474 | J63: 1 | K63: 0 | L63: 26934.3 | M63: 8122.4 | N63: 29144.7 | O63: 1982.5 | P63: 29047.1 | Q63: 0 | R63: 0 | S63: 0 | T63: 0 | U63: 0 | V63: 1.16 | W63: 3.5 | X63: 1.16 | Y63: 0 | Z63: 0 | AA63: 0 | AB63: 0 | AC63: 1.16 | AD63: 0 | AE63: 0 | AF63: 0 | AG63: 1 | AH63: 0 | AI63: 0 | AL63: 0 | AM63: 0 | AN63: 0
A64: 63 | B64: 331 | C64: Cangkingan Herman | D64: cangkingan herman | E64: Panggandingan | F64: Daha Utara | G64: 1 | H64: 1 | I64: 633 | J64: 0 | K64: 0 | L64: 1258.9 | M64: 795.3 | N64: 2477.8 | O64: 0 | P64: 29090.9 | Q64: 0 | R64: 0 | S64: 0 | T64: 0 | U64: 0 | V64: 0.32 | W64: 3 | X64: 0.32 | Y64: 0 | Z64: 0 | AA64: 0 | AB64: 0 | AC64: 0.2 | AD64: 0.12 | AE64: 0 | AF64: 0 | AG64: 1 | AH64: 0 | AI64: 0 | AL64: 0 | AM64: 0 | AN64: 0
A65: 64 | B65: 015 | C65: Dahlia | D65: dahlia | E65: Kandangan Utara | F65: Kandangan | G65: 1 | H65: 1 | I65: 1142 | J65: 0 | K65: 0 | L65: 1768.8 | M65: 197.4 | N65: 3467.1 | O65: 0 | P65: 1604.2 | Q65: 0 | R65: 0 | S65: 0 | T65: 0 | U65: 0 | V65: 0.18 | W65: 3 | X65: 0.18 | Y65: 0 | Z65: 0 | AA65: 0 | AB65: 0 | AC65: 0 | AD65: 0.18 | AE65: 0 | AF65: 0 | AG65: 1 | AH65: 0 | AI65: 0 | AL65: 0 | AM65: 0 | AN65: 0
A66: 65 | B66: 280 | C66: Datar Belimbing - Muara Kitar | D66: datar belimbing – muara kitar | E66: Hulu Banyu, Lumpangi | F66: Loksado | G66: 2 | H66: 1 | I66: 859 | J66: 0 | K66: 0 | L66: 30227.2 | M66: 8413.6 | N66: 32437.6 | O66: 2459.5 | P66: 32339.9 | Q66: 0 | R66: 0 | S66: 0 | T66: 0 | U66: 0 | V66: 4.86 | W66: 1.5 | X66: 0 | Y66: 0 | Z66: 2.6 | AA66: 0 | AB66: 2.26 | AC66: 0 | AD66: 1.3 | AE66: 0.2 | AF66: 3.36 | AG66: 0.26748971 | AH66: 1 | AI66: 3 | AJ66: 2023 | AK66: 2 | AL66: 0 | AM66: 0 | AN66: 0
A67: 66 | B67: 033 | C67: DI. Panjaitan - Loklua | D67: di panjaitan – loklua | E67: Baluti, Tibung Raya | F67: Kandangan | G67: 2 | H67: 1 | I67: 2315 | J67: 0 | K67: 1 | L67: 454.9 | M67: 605 | N67: 1552.9 | O67: 35.3 | P67: 745.4 | Q67: 0 | R67: 0 | S67: 0 | T67: 0 | U67: 0 | V67: 0.41 | W67: 4.5 | X67: 0.41 | Y67: 0 | Z67: 0 | AA67: 0 | AB67: 0 | AC67: 0 | AD67: 0.41 | AE67: 0 | AF67: 0 | AG67: 1 | AH67: 0 | AI67: 0 | AL67: 0 | AM67: 0 | AN67: 0
A68: 67 | B68: 236 | C68: Ds. Kapuh Tengah (Menuju Majelis Talim) | D68: desa kapuh tengah menuju majelis talim | E68: Kapuh, Wasah Tengah | F68: Simpur | G68: 2 | H68: 1 | I68: 1247 | J68: 0 | K68: 0 | L68: 3193.6 | M68: 3103.3 | N68: 3164 | O68: 689.4 | P68: 4562.7 | Q68: 0 | R68: 0 | S68: 0 | T68: 0 | U68: 0 | V68: 0.6 | W68: 3.5 | X68: 0.6 | Y68: 0 | Z68: 0 | AA68: 0 | AB68: 0 | AC68: 0.6 | AD68: 0 | AE68: 0 | AF68: 0 | AG68: 1 | AH68: 0 | AI68: 0 | AL68: 0 | AM68: 0 | AN68: 0
A69: 68 | B69: 239 | C69: Firdaus - Ds. Kapuh | D69: firdaus – desa kapuh | E69: Kapuh | F69: Simpur | G69: 1 | H69: 1 | I69: 682 | J69: 0 | K69: 0 | L69: 2954.7 | M69: 2864.4 | N69: 3525 | O69: 916.8 | P69: 4923.6 | Q69: 0 | R69: 0 | S69: 0 | T69: 0 | U69: 0 | V69: 0.3 | W69: 3 | X69: 0.3 | Y69: 0 | Z69: 0 | AA69: 0 | AB69: 0 | AC69: 0.3 | AD69: 0 | AE69: 0 | AF69: 0 | AG69: 1 | AH69: 0 | AI69: 0 | AL69: 0 | AM69: 0 | AN69: 0
A70: 69 | B70: 162 | C70: Galuntang Tayub - Ds. Madang | D70: galuntang tayub – desa madang | E70: Madang | F70: Padang Batung | G70: 1 | H70: 1 | I70: 448 | J70: 0 | K70: 0 | L70: 7191.3 | M70: 7765.4 | N70: 11936 | O70: 1270.6 | P70: 10334.7 | Q70: 0 | R70: 0 | S70: 0 | T70: 0 | U70: 0 | V70: 2.36 | W70: 3.5 | X70: 2.36 | Y70: 0 | Z70: 0 | AA70: 0 | AB70: 0 | AC70: 2.36 | AD70: 0 | AE70: 0 | AF70: 0 | AG70: 1 | AH70: 0 | AI70: 0 | AL70: 0 | AM70: 0 | AN70: 0
A71: 70 | B71: 052 | C71: Gambah Dalam - Rantauan | D71: gambah dalam – rantauan | E71: Gambah Dalam, Gambah Luar | F71: Kandangan | G71: 2 | H71: 1 | I71: 1348 | J71: 1 | L71: 3498.6 | M71: 2163.2 | N71: 6008.8 | O71: 845 | P71: 4145.9 | Q71: 0 | R71: 0 | S71: 0 | T71: 0 | U71: 0 | V71: 1.52 | W71: 3 | X71: 1.52 | Y71: 0 | Z71: 0 | AA71: 0 | AB71: 0 | AC71: 0 | AD71: 1 | AE71: 0.52 | AF71: 0 | AG71: 0.65789474 | AH71: 1 | AI71: 1 | AJ71: 2023 | AK71: 2 | AL71: 0 | AM71: 0 | AN71: 0
A72: 71 | B72: 076 | C72: Gambah Dalam Barat - Mahulung | D72: gambah dalam barat – mahulung | E72: Gambah Dalam Barat, Taniran Selatan | F72: Angkinang, Kandangan | G72: 2 | H72: 2 | I72: 1084 | J72: 1 | K72: 0 | L72: 5501 | M72: 4435 | N72: 7855.4 | O72: 1269.8 | P72: 5992.5 | Q72: 0 | R72: 0 | S72: 0 | T72: 0 | U72: 0 | V72: 1.92 | W72: 3 | X72: 1.92 | Y72: 0 | Z72: 0 | AA72: 0 | AB72: 0 | AC72: 1.12 | AD72: 0.8 | AE72: 0 | AF72: 0 | AG72: 1 | AH72: 0 | AI72: 0 | AL72: 0 | AM72: 0 | AN72: 0
A73: 72 | B73: 053 | C73: Gambah Luar - Gambah Dalam | D73: gambah luar – gambah dalam | E73: Gambah Dalam, Gambah Luar Muka | F73: Kandangan | G73: 2 | H73: 1 | I73: 1637 | J73: 1 | K73: 1 | L73: 3537.8 | M73: 2014.8 | N73: 5299.5 | O73: 697.1 | P73: 3436.6 | Q73: 0 | R73: 0 | S73: 0 | T73: 0 | U73: 0 | V73: 1.29 | W73: 3 | X73: 1.29 | Y73: 0 | Z73: 0 | AA73: 0 | AB73: 0 | AC73: 0 | AD73: 1.29 | AE73: 0 | AF73: 0 | AG73: 1 | AH73: 0 | AI73: 0 | AL73: 0 | AM73: 0 | AN73: 0
A74: 73 | B74: 055 | C74: Gambah Luar - Sungai Kudung | D74: gambah luar – sei kudung | E74: Gambah Luar Muka | F74: Kandangan | G74: 1 | H74: 1 | I74: 775 | J74: 0 | K74: 1 | L74: 2824.3 | M74: 1429.3 | N74: 4911 | O74: 113.6 | P74: 3048.1 | Q74: 0 | R74: 0 | S74: 0 | T74: 0 | U74: 0 | V74: 0.89 | W74: 3.5 | X74: 0.89 | Y74: 0 | Z74: 0 | AA74: 0 | AB74: 0 | AC74: 0 | AD74: 0.69 | AE74: 0.2 | AF74: 0 | AG74: 0.7752809 | AH74: 1 | AI74: 1 | AJ74: 2023 | AK74: 2 | AL74: 0 | AM74: 0 | AN74: 0
A75: 74 | B75: 045 | C75: Gambir - Sp. Empat Lungau | D75: gambir – sp empat lungau | E75: Amawang Kiri, Lungau | F75: Kandangan | G75: 2 | H75: 1 | I75: 1503 | J75: 0 | K75: 0 | L75: 6491.8 | M75: 5365.4 | N75: 7507 | O75: 1638.9 | P75: 6173.5 | Q75: 0 | R75: 0 | S75: 0 | T75: 0 | U75: 0 | V75: 2.95 | W75: 3 | X75: 1.5 | Y75: 0 | Z75: 0 | AA75: 0.7 | AB75: 0.75 | AC75: 0 | AD75: 1.5 | AE75: 0 | AF75: 1.45 | AG75: 0.50847458 | AH75: 1 | AI75: 1 | AJ75: 2023 | AK75: 2 | AL75: 0 | AM75: 0 | AN75: 0
A76: 75 | B76: 330 | C76: Gang Bidan (Ds. Tambak Bitin) | D76: gang bidan desa tambak bitin | E76: Panggandingan, Tambak Bitin | F76: Daha Utara | G76: 2 | H76: 1 | I76: 1172 | J76: 0 | K76: 0 | L76: 1245.2 | M76: 609.9 | N76: 2464.1 | O76: 629.9 | P76: 29077.2 | Q76: 0 | R76: 0 | S76: 0 | T76: 0 | U76: 0 | V76: 0.57 | W76: 3 | X76: 0 | Y76: 0 | Z76: 0.1 | AA76: 0.47 | AB76: 0 | AC76: 0 | AD76: 0.1 | AE76: 0 | AF76: 0.47 | AG76: 0.1754386 | AH76: 1 | AI76: 4 | AJ76: 2024 | AK76: 1 | AL76: 1 | AM76: 0 | AN76: 1
A77: 76 | B77: 220 | C77: Garunggang - Hantamangu | D77: garunggang – hantamangu | E77: Garunggang | F77: Simpur | G77: 1 | H77: 1 | I77: 313 | J77: 0 | K77: 0 | L77: 1860.7 | M77: 2224.4 | N77: 7617.1 | O77: 1155.9 | P77: 8996.6 | Q77: 0 | R77: 0 | S77: 0 | T77: 0 | U77: 0 | V77: 1.16 | W77: 3 | X77: 1 | Y77: 0 | Z77: 0 | AA77: 0 | AB77: 0.16 | AC77: 0 | AD77: 0.8 | AE77: 0.2 | AF77: 0.16 | AG77: 0.68965517 | AH77: 1 | AI77: 3 | AJ77: 2023 | AK77: 2 | AL77: 0 | AM77: 0 | AN77: 0
A78: 77 | B78: 232 | C78: Gerilya - Ds. Simpur | D78: gerilya – desa simpur | E78: Simpur, Tebing Tinggi | F78: Simpur | G78: 2 | H78: 1 | I78: 827 | J78: 0 | K78: 1 | L78: 2082.5 | M78: 1257.4 | N78: 7886 | O78: 568.8 | P78: 9265.5 | Q78: 0 | R78: 0 | S78: 0 | T78: 0 | U78: 0 | V78: 0.52 | W78: 3 | X78: 0.52 | Y78: 0 | Z78: 0 | AA78: 0 | AB78: 0 | AC78: 0.52 | AD78: 0 | AE78: 0 | AF78: 0 | AG78: 1 | AH78: 0 | AI78: 0 | AL78: 0 | AM78: 0 | AN78: 0
A79: 78 | B79: 297 | C79: Gerilya / (Depan PUSTU Habirau) | D79: gerilya depan pustu habirau | E79: Habirau | F79: Daha Selatan | G79: 1 | H79: 1 | I79: 771 | J79: 0 | K79: 0 | L79: 2087.4 | M79: 657.1 | N79: 3045.9 | O79: 341.5 | P79: 29659 | Q79: 0 | R79: 0 | S79: 0 | T79: 0 | U79: 0 | V79: 0.24 | W79: 3.5 | X79: 0.24 | Y79: 0 | Z79: 0 | AA79: 0 | AB79: 0 | AC79: 0 | AD79: 0 | AE79: 0 | AF79: 0.24 | AG79: 0 | AH79: 0 | AI79: 0 | AL79: 0 | AM79: 0 | AN79: 0
A80: 79 | B80: 344 | C80: Goha - Ds. Amawang Kanan | D80: goha – desa amawang kanan | E80: Amawang Kanan | F80: Kandangan | G80: 1 | H80: 1 | I80: 630 | J80: 0 | K80: 0 | L80: 2508.7 | M80: 2658.7 | N80: 2185.2 | O80: 1236.8 | P80: 2363.7 | Q80: 0 | R80: 0 | S80: 0 | T80: 0 | U80: 0 | V80: 0.7 | W80: 3.5 | X80: 0.7 | Y80: 0 | Z80: 0 | AA80: 0 | AB80: 0 | AC80: 0.7 | AD80: 0 | AE80: 0 | AF80: 0 | AG80: 1 | AH80: 1 | AI80: 1 | AJ80: 2024 | AK80: 1 | AL80: 0 | AM80: 0 | AN80: 0
A81: 80 | B81: 196 | C81: Gumbil - Masimpan | D81: gumbil – masimpan | E81: Gumbil, Mandala | F81: Telaga Langsat | G81: 2 | H81: 1 | I81: 1110 | J81: 0 | K81: 0 | L81: 8342.9 | M81: 2875.1 | N81: 16421.6 | O81: 404.8 | P81: 14820.3 | Q81: 0 | R81: 0 | S81: 0 | T81: 0 | U81: 0 | V81: 5 | W81: 3 | X81: 5 | Y81: 0 | Z81: 0 | AA81: 0 | AB81: 0 | AC81: 0 | AD81: 5 | AE81: 0 | AF81: 0 | AG81: 1 | AH81: 1 | AI81: 2 | AJ81: 2024 | AK81: 1 | AL81: 1 | AM81: 1 | AN81: 0
A82: 81 | B82: 226 | C82: Guru H. Izim - Ds. Pantai Ulin | D82: guru h izim – desa pantai ulin | E82: Panjampang Bahagia, Pantai Ulin, Ulin | F82: Simpur | G82: 3 | H82: 1 | I82: 1775 | J82: 0 | K82: 0 | L82: 4802.4 | M82: 2469.6 | N82: 6511.4 | O82: 1016.5 | P82: 6676 | Q82: 0 | R82: 0 | S82: 0 | T82: 0 | U82: 0 | V82: 0.62 | W82: 3 | X82: 0 | Y82: 0 | Z82: 0 | AA82: 0.62 | AB82: 0 | AC82: 0 | AD82: 0 | AE82: 0 | AF82: 0.62 | AG82: 0 | AH82: 0 | AI82: 0 | AL82: 0 | AM82: 0 | AN82: 0
A83: 82 | B83: 074 | C83: H. Jarkasi - Ds. Sungai Paring | D83: h jarkasi – desa sei paring | E83: Sungai Paring | F83: Kandangan | G83: 1 | H83: 1 | I83: 576 | J83: 0 | K83: 1 | L83: 2541.1 | M83: 2421.3 | N83: 2900.2 | O83: 285.2 | P83: 2396.2 | Q83: 0 | R83: 0 | S83: 0 | T83: 0 | U83: 0 | V83: 0.12 | W83: 3 | X83: 0.12 | Y83: 0 | Z83: 0 | AA83: 0 | AB83: 0 | AC83: 0 | AD83: 0.12 | AE83: 0 | AF83: 0 | AG83: 1 | AH83: 0 | AI83: 0 | AL83: 0 | AM83: 0 | AN83: 0
A84: 83 | B84: 230 | C84: H. Saim Garunggang - Kalimput | D84: h saim garunggang – kalimput | E84: Garunggang | F84: Simpur | G84: 1 | H84: 1 | I84: 313 | J84: 0 | K84: 0 | L84: 2110.9 | M84: 1506.2 | N84: 7867.3 | O84: 817.5 | P84: 9246.8 | Q84: 0 | R84: 0 | S84: 0 | T84: 0 | U84: 0 | V84: 0.71 | W84: 3 | X84: 0.71 | Y84: 0 | Z84: 0 | AA84: 0 | AB84: 0 | AC84: 0.71 | AD84: 0 | AE84: 0 | AF84: 0 | AG84: 1 | AH84: 0 | AI84: 0 | AL84: 0 | AM84: 0 | AN84: 0
A85: 84 | B85: 314 | C85: H.M. Thaib | D85: h m thaib | E85: Baruh Kembang | F85: Daha Utara | G85: 1 | H85: 1 | I85: 870 | J85: 1 | K85: 0 | L85: 2175.7 | M85: 1937.1 | N85: 3394.6 | O85: 0 | P85: 30007.7 | Q85: 0 | R85: 0 | S85: 0 | T85: 0 | U85: 0 | V85: 0.35 | W85: 3 | X85: 0.35 | Y85: 0 | Z85: 0 | AA85: 0 | AB85: 0 | AC85: 0 | AD85: 0 | AE85: 0.2 | AF85: 0.15 | AG85: 0 | AH85: 0 | AI85: 0 | AL85: 0 | AM85: 0 | AN85: 0
